page_scraped,user
https://www.filmweb.pl/user/Kamilmac/friends?page=1,filiphancke
https://www.filmweb.pl/user/Kamilmac/friends?page=1,Dr_Marvel
https://www.filmweb.pl/user/Kamilmac/friends?page=1,Bathorzak
https://www.filmweb.pl/user/Kamilmac/friends?page=1,Andrew107
https://www.filmweb.pl/user/Kamilmac/friends?page=1,AoiYuno
https://www.filmweb.pl/user/Kamilmac/friends?page=1,greenzuz
https://www.filmweb.pl/user/Kamilmac/friends?page=1,klawy606
https://www.filmweb.pl/user/Kamilmac/friends?page=1,greyshh
https://www.filmweb.pl/user/Kamilmac/friends?page=1,piotrek_cyran
https://www.filmweb.pl/user/Kamilmac/friends?page=1,alexandras1997
https://www.filmweb.pl/user/Kamilmac/friends?page=1,Koscik97
https://www.filmweb.pl/user/Kamilmac/friends?page=1,nelii_113
https://www.filmweb.pl/user/AoiYuno/friends?page=1,martyna_zmijewska1
https://www.filmweb.pl/user/AoiYuno/friends?page=1,Ireri
https://www.filmweb.pl/user/AoiYuno/friends?page=1,vivnes
https://www.filmweb.pl/user/AoiYuno/friends?page=1,escoutiq
https://www.filmweb.pl/user/AoiYuno/friends?page=1,makowiec63
https://www.filmweb.pl/user/AoiYuno/friends?page=1,Kamilmac
https://www.filmweb.pl/user/AoiYuno/friends?page=1,biernas3
https://www.filmweb.pl/user/AoiYuno/friends?page=1,kasiarosa68
https://www.filmweb.pl/user/AoiYuno/friends?page=1,Andrew107
https://www.filmweb.pl/user/AoiYuno/friends?page=1,Dzeelllaa
https://www.filmweb.pl/user/AoiYuno/friends?page=1,wiktoriakira
https://www.filmweb.pl/user/AoiYuno/friends?page=1,Juliette97
https://www.filmweb.pl/user/alexandras1997/friends?page=1,tomasza
https://www.filmweb.pl/user/alexandras1997/friends?page=1,KKK475
https://www.filmweb.pl/user/alexandras1997/friends?page=1,oliviazgdyni
https://www.filmweb.pl/user/alexandras1997/friends?page=1,damian6523
https://www.filmweb.pl/user/alexandras1997/friends?page=1,kamilbondarzewski
https://www.filmweb.pl/user/alexandras1997/friends?page=1,nieglut
https://www.filmweb.pl/user/alexandras1997/friends?page=1,Truba
https://www.filmweb.pl/user/alexandras1997/friends?page=1,weronika769
https://www.filmweb.pl/user/alexandras1997/friends?page=1,6ryba
https://www.filmweb.pl/user/alexandras1997/friends?page=1,zaratustra12
https://www.filmweb.pl/user/alexandras1997/friends?page=1,hitciorulez
https://www.filmweb.pl/user/alexandras1997/friends?page=1,jasiekwer
https://www.filmweb.pl/user/filiphancke/friends?page=1,Filmor
https://www.filmweb.pl/user/Andrew107/friends?page=1,janek98janek
https://www.filmweb.pl/user/Koscik97/friends?page=1,szeflerp2
https://www.filmweb.pl/user/filiphancke/friends?page=1,Patrishia97
https://www.filmweb.pl/user/filiphancke/friends?page=1,mrs_vickyy
https://www.filmweb.pl/user/filiphancke/friends?page=1,xChmielek
https://www.filmweb.pl/user/filiphancke/friends?page=1,bartoszmaszczyk
https://www.filmweb.pl/user/filiphancke/friends?page=1,Emil_Roch
https://www.filmweb.pl/user/Bathorzak/friends?page=1,olgozaurek
https://www.filmweb.pl/user/Andrew107/friends?page=1,turek1997
https://www.filmweb.pl/user/Andrew107/friends?page=1,Kamilmac
https://www.filmweb.pl/user/Andrew107/friends?page=1,martamucha241999
https://www.filmweb.pl/user/Andrew107/friends?page=1,donizinska
https://www.filmweb.pl/user/Koscik97/friends?page=1,Kamilmac
https://www.filmweb.pl/user/Koscik97/friends?page=1,zalewafilmaniak
https://www.filmweb.pl/user/Koscik97/friends?page=1,KasiaM97
https://www.filmweb.pl/user/Koscik97/friends?page=1,Wuodzio
https://www.filmweb.pl/user/Koscik97/friends?page=1,Doylgaafs
https://www.filmweb.pl/user/Dr_Marvel/friends?page=1,Mmargosia
https://www.filmweb.pl/user/nelii_113/friends?page=1,BarneyWoland
https://www.filmweb.pl/user/filiphancke/friends?page=1,mat291
https://www.filmweb.pl/user/filiphancke/friends?page=1,jio18
https://www.filmweb.pl/user/filiphancke/friends?page=1,lukas2396
https://www.filmweb.pl/user/filiphancke/friends?page=1,sisimegustatortillas
https://www.filmweb.pl/user/filiphancke/friends?page=1,naaa
https://www.filmweb.pl/user/filiphancke/friends?page=1,Joasia700
https://www.filmweb.pl/user/Bathorzak/friends?page=1,Kamilmac
https://www.filmweb.pl/user/Bathorzak/friends?page=1,Pinad
https://www.filmweb.pl/user/Bathorzak/friends?page=1,OTOJAJEDRZEJ
https://www.filmweb.pl/user/Bathorzak/friends?page=1,rafal_ole
https://www.filmweb.pl/user/Bathorzak/friends?page=1,janek_kubik_msp
https://www.filmweb.pl/user/Bathorzak/friends?page=1,Rafal81000
https://www.filmweb.pl/user/Kamilmac/friends?page=2,madziazmc95
https://www.filmweb.pl/user/Andrew107/friends?page=1,greenzuz
https://www.filmweb.pl/user/Andrew107/friends?page=1,AoiYuno
https://www.filmweb.pl/user/Andrew107/friends?page=1,WerWal
https://www.filmweb.pl/user/Andrew107/friends?page=1,Foreverhuungry
https://www.filmweb.pl/user/Andrew107/friends?page=1,Katarzyna_Popek
https://www.filmweb.pl/user/Andrew107/friends?page=1,kpiotrow
https://www.filmweb.pl/user/Koscik97/friends?page=1,pawel_krzysztof_kaleta
https://www.filmweb.pl/user/Koscik97/friends?page=1,mars654
https://www.filmweb.pl/user/Koscik97/friends?page=1,ania_2010_filmweb
https://www.filmweb.pl/user/Koscik97/friends?page=1,ADomoslawski
https://www.filmweb.pl/user/Koscik97/friends?page=1,gfhfygyh
https://www.filmweb.pl/user/Dr_Marvel/friends?page=1,Kamilmac
https://www.filmweb.pl/user/piotrek_cyran/friends?page=1,filiphancke
https://www.filmweb.pl/user/greenzuz/friends?page=1,martyna_zmijewska1
https://www.filmweb.pl/user/nelii_113/friends?page=1,Lu6o
https://www.filmweb.pl/user/nelii_113/friends?page=1,biernas3
https://www.filmweb.pl/user/nelii_113/friends?page=1,WerWal
https://www.filmweb.pl/user/nelii_113/friends?page=1,Kama_Misiura
https://www.filmweb.pl/user/nelii_113/friends?page=1,Kamilmac
https://www.filmweb.pl/user/vivnes/friends?page=1,agajaworska1974
https://www.filmweb.pl/user/Bathorzak/friends?page=1,KEPIS
https://www.filmweb.pl/user/Bathorzak/friends?page=1,kamilgmiterek
https://www.filmweb.pl/user/Bathorzak/friends?page=1,adam35653
https://www.filmweb.pl/user/Bathorzak/friends?page=1,maciejchrzanowski
https://www.filmweb.pl/user/Kamilmac/friends?page=2,milenadzwonnik
https://www.filmweb.pl/user/Kamilmac/friends?page=2,WozniaczekSlodziaczek
https://www.filmweb.pl/user/Kamilmac/friends?page=2,pkoziolek1
https://www.filmweb.pl/user/Kamilmac/friends?page=2,Juliette97
https://www.filmweb.pl/user/Kamilmac/friends?page=2,Avanti11
https://www.filmweb.pl/user/Andrew107/friends?page=1,peter4free
https://www.filmweb.pl/user/Ireri/friends?page=1,gabi_01_16
https://www.filmweb.pl/user/Koscik97/friends?page=1,atominek
https://www.filmweb.pl/user/piotrek_cyran/friends?page=1,gizyB
https://www.filmweb.pl/user/piotrek_cyran/friends?page=1,TwojDentysta
https://www.filmweb.pl/user/piotrek_cyran/friends?page=1,moniak98
https://www.filmweb.pl/user/piotrek_cyran/friends?page=1,sassywild
https://www.filmweb.pl/user/piotrek_cyran/friends?page=1,glicerynaa
https://www.filmweb.pl/user/piotrek_cyran/friends?page=1,aksamitka2001
https://www.filmweb.pl/user/martyna_zmijewska1/friends?page=1,sasbmw
https://www.filmweb.pl/user/greyshh/friends?page=1,dominisia369
https://www.filmweb.pl/user/greenzuz/friends?page=1,bogna1Szelag
https://www.filmweb.pl/user/greenzuz/friends?page=1,PWW97
https://www.filmweb.pl/user/greenzuz/friends?page=1,donneshake
https://www.filmweb.pl/user/greenzuz/friends?page=1,dannny171
https://www.filmweb.pl/user/greenzuz/friends?page=1,Kamilmac
https://www.filmweb.pl/user/nelii_113/friends?page=1,paula_98_mordka
https://www.filmweb.pl/user/nelii_113/friends?page=1,polakuroi
https://www.filmweb.pl/user/nelii_113/friends?page=1,pkoziolek1
https://www.filmweb.pl/user/nelii_113/friends?page=1,CharlotteAntoinette
https://www.filmweb.pl/user/nelii_113/friends?page=1,luizapyrzynska
https://www.filmweb.pl/user/nelii_113/friends?page=1,adam_cbr
https://www.filmweb.pl/user/vivnes/friends?page=1,kapsa2222
https://www.filmweb.pl/user/vivnes/friends?page=1,nerunerune
https://www.filmweb.pl/user/vivnes/friends?page=1,Oluss27
https://www.filmweb.pl/user/vivnes/friends?page=1,Tiniiii
https://www.filmweb.pl/user/vivnes/friends?page=1,anna_ratowt1
https://www.filmweb.pl/user/Bathorzak/friends?page=1,grzegorzdasko600013
https://www.filmweb.pl/user/klawy606/friends?page=1,kozitik24
https://www.filmweb.pl/user/Kamilmac/friends?page=2,magda_kowaluk
https://www.filmweb.pl/user/Kamilmac/friends?page=2,pawel_lis96
https://www.filmweb.pl/user/Kamilmac/friends?page=2,Xerej
https://www.filmweb.pl/user/Kamilmac/friends?page=2,karal_filmweb
https://www.filmweb.pl/user/Kamilmac/friends?page=2,ninaj_filmaniak
https://www.filmweb.pl/user/escoutiq/friends?page=1,jolaulenberg2306
https://www.filmweb.pl/user/Ireri/friends?page=1,franekpp
https://www.filmweb.pl/user/Ireri/friends?page=1,maja_uljanicka
https://www.filmweb.pl/user/Ireri/friends?page=1,Alex_Sander
https://www.filmweb.pl/user/Ireri/friends?page=1,DaveMaxxx
https://www.filmweb.pl/user/AoiYuno/friends?page=2,Hania1929
https://www.filmweb.pl/user/piotrek_cyran/friends?page=1,kaplinskimichal
https://www.filmweb.pl/user/piotrek_cyran/friends?page=1,damianie
https://www.filmweb.pl/user/piotrek_cyran/friends?page=1,ewarzy
https://www.filmweb.pl/user/piotrek_cyran/friends?page=1,mireckaaleksandra
https://www.filmweb.pl/user/piotrek_cyran/friends?page=1,wiktoriawadecka
https://www.filmweb.pl/user/martyna_zmijewska1/friends?page=1,matrix_2009
https://www.filmweb.pl/user/martyna_zmijewska1/friends?page=1,greenzuz
https://www.filmweb.pl/user/martyna_zmijewska1/friends?page=1,owcia
https://www.filmweb.pl/user/martyna_zmijewska1/friends?page=1,kubek_klasyczny
https://www.filmweb.pl/user/martyna_zmijewska1/friends?page=1,Mr_Olek
https://www.filmweb.pl/user/martyna_zmijewska1/friends?page=1,dars_on
https://www.filmweb.pl/user/greyshh/friends?page=1,Kamilmac
https://www.filmweb.pl/user/greyshh/friends?page=1,mad_3
https://www.filmweb.pl/user/greyshh/friends?page=1,piotrek_cyran
https://www.filmweb.pl/user/greyshh/friends?page=1,ceear
https://www.filmweb.pl/user/greyshh/friends?page=1,jaszkajaszka
https://www.filmweb.pl/user/greenzuz/friends?page=1,Andrew107
https://www.filmweb.pl/user/greenzuz/friends?page=1,bart_bac
https://www.filmweb.pl/user/greenzuz/friends?page=1,Vivacarol
https://www.filmweb.pl/user/greenzuz/friends?page=1,adrianna_rm
https://www.filmweb.pl/user/greenzuz/friends?page=1,w_smolczynski
https://www.filmweb.pl/user/Juliette97/friends?page=1,MaciekBorucki
https://www.filmweb.pl/user/Juliette97/friends?page=1,bogna1Szelag
https://www.filmweb.pl/user/wiktoriakira/friends?page=1,adammax99
https://www.filmweb.pl/user/vivnes/friends?page=1,biegaczka_16
https://www.filmweb.pl/user/vivnes/friends?page=1,Dmnoiik
https://www.filmweb.pl/user/vivnes/friends?page=1,lejdi09096
https://www.filmweb.pl/user/vivnes/friends?page=1,michalina_baczewska02
https://www.filmweb.pl/user/vivnes/friends?page=1,danielek_2002g
https://www.filmweb.pl/user/vivnes/friends?page=1,jaskerrouf
https://www.filmweb.pl/user/Dzeelllaa/friends?page=1,mariuszsll
https://www.filmweb.pl/user/klawy606/friends?page=1,zuzanna_jeziorska
https://www.filmweb.pl/user/klawy606/friends?page=1,dreamer_is
https://www.filmweb.pl/user/klawy606/friends?page=1,karol_gosiewski
https://www.filmweb.pl/user/klawy606/friends?page=1,marta314256
https://www.filmweb.pl/user/klawy606/friends?page=1,timipro1990
https://www.filmweb.pl/user/klawy606/friends?page=1,dominikbogdalczyk
https://www.filmweb.pl/user/Kamilmac/friends?page=2,s_pagowski
https://www.filmweb.pl/user/kasiarosa68/friends?page=1,Krajeewska
https://www.filmweb.pl/user/escoutiq/friends?page=1,karol49176
https://www.filmweb.pl/user/escoutiq/friends?page=1,makowiec63
https://www.filmweb.pl/user/escoutiq/friends?page=1,AoiYuno
https://www.filmweb.pl/user/escoutiq/friends?page=1,wedpaw
https://www.filmweb.pl/user/escoutiq/friends?page=1,KieshN
https://www.filmweb.pl/user/Ireri/friends?page=1,zuzanna_k9
https://www.filmweb.pl/user/Ireri/friends?page=1,ida_czajkowska
https://www.filmweb.pl/user/Ireri/friends?page=1,marcinpopow33
https://www.filmweb.pl/user/Ireri/friends?page=1,a_radzik1997
https://www.filmweb.pl/user/AoiYuno/friends?page=2,aaleksandag
https://www.filmweb.pl/user/AoiYuno/friends?page=2,zzmea
https://www.filmweb.pl/user/AoiYuno/friends?page=2,ola98_fw
https://www.filmweb.pl/user/AoiYuno/friends?page=2,greenzuz
https://www.filmweb.pl/user/AoiYuno/friends?page=2,kasiagrzegorowska14
https://www.filmweb.pl/user/biernas3/friends?page=1,xoyonce
https://www.filmweb.pl/user/martyna_zmijewska1/friends?page=1,madrasia
https://www.filmweb.pl/user/martyna_zmijewska1/friends?page=1,juliaa_stadnik
https://www.filmweb.pl/user/martyna_zmijewska1/friends?page=1,JS_Munky
https://www.filmweb.pl/user/martyna_zmijewska1/friends?page=1,Dlx337
https://www.filmweb.pl/user/greyshh/friends?page=1,klaudiacwia
https://www.filmweb.pl/user/greyshh/friends?page=1,FighterVIP
https://www.filmweb.pl/user/greyshh/friends?page=1,thequeenavalon
https://www.filmweb.pl/user/greyshh/friends?page=1,Acetabulariaa
https://www.filmweb.pl/user/greyshh/friends?page=1,pierozyc
https://www.filmweb.pl/user/greyshh/friends?page=1,Seebcio9555
https://www.filmweb.pl/user/greenzuz/friends?page=1,majerwso
https://www.filmweb.pl/user/Juliette97/friends?page=1,Lookito
https://www.filmweb.pl/user/Juliette97/friends?page=1,anautiyal32
https://www.filmweb.pl/user/Juliette97/friends?page=1,martag01
https://www.filmweb.pl/user/Juliette97/friends?page=1,aleeeksd
https://www.filmweb.pl/user/Juliette97/friends?page=1,MACIO_118
https://www.filmweb.pl/user/Juliette97/friends?page=1,to_venus_and_back
https://www.filmweb.pl/user/wiktoriakira/friends?page=1,ostaszewskibartek
https://www.filmweb.pl/user/wiktoriakira/friends?page=1,lukix16
https://www.filmweb.pl/user/wiktoriakira/friends?page=1,Tomoom
https://www.filmweb.pl/user/wiktoriakira/friends?page=1,lukah338
https://www.filmweb.pl/user/wiktoriakira/friends?page=1,julczynka222
https://www.filmweb.pl/user/wiktoriakira/friends?page=1,Ala66
https://www.filmweb.pl/user/Dzeelllaa/friends?page=1,mila6652
https://www.filmweb.pl/user/Dzeelllaa/friends?page=1,grzegorz_wyciszkiewicz
https://www.filmweb.pl/user/Dzeelllaa/friends?page=1,wodzuart
https://www.filmweb.pl/user/Dzeelllaa/friends?page=1,mr_ak
https://www.filmweb.pl/user/Dzeelllaa/friends?page=1,uscanter
https://www.filmweb.pl/user/makowiec63/friends?page=1,drugroboten
https://www.filmweb.pl/user/makowiec63/friends?page=1,citymorgue
https://www.filmweb.pl/user/klawy606/friends?page=1,Gabriela_Bajorek
https://www.filmweb.pl/user/klawy606/friends?page=1,elli_athitaki
https://www.filmweb.pl/user/klawy606/friends?page=1,julita_pacuszka
https://www.filmweb.pl/user/klawy606/friends?page=1,nikola_szwarc
https://www.filmweb.pl/user/klawy606/friends?page=1,yanthelucky
https://www.filmweb.pl/user/Truba/friends?page=1,alexandras1997
https://www.filmweb.pl/user/kasiarosa68/friends?page=1,Pstadnik
https://www.filmweb.pl/user/kasiarosa68/friends?page=1,scumfuckflowergirl
https://www.filmweb.pl/user/kasiarosa68/friends?page=1,bloomwe9
https://www.filmweb.pl/user/kasiarosa68/friends?page=1,evanescentium
https://www.filmweb.pl/user/kasiarosa68/friends?page=1,misia12341
https://www.filmweb.pl/user/kasiarosa68/friends?page=1,sylwiakr
https://www.filmweb.pl/user/nieglut/friends?page=1,kasia_filmweb8
https://www.filmweb.pl/user/nieglut/friends?page=1,kazcpilifataga
https://www.filmweb.pl/user/escoutiq/friends?page=1,wiwi_123
https://www.filmweb.pl/user/escoutiq/friends?page=1,kodi1911
https://www.filmweb.pl/user/escoutiq/friends?page=1,monika_jelinskaa
https://www.filmweb.pl/user/escoutiq/friends?page=1,karciaa94
https://www.filmweb.pl/user/escoutiq/friends?page=1,pawelmatosek1
https://www.filmweb.pl/user/escoutiq/friends?page=1,patti555
https://www.filmweb.pl/user/Ireri/friends?page=1,FellinisCabiria
https://www.filmweb.pl/user/Ireri/friends?page=1,helginson
https://www.filmweb.pl/user/Ireri/friends?page=1,zuziasawinska
https://www.filmweb.pl/user/AoiYuno/friends?page=2,wszyscyzginiemy
https://www.filmweb.pl/user/AoiYuno/friends?page=2,bombellini
https://www.filmweb.pl/user/AoiYuno/friends?page=2,ula_lizner
https://www.filmweb.pl/user/AoiYuno/friends?page=2,franekpp
https://www.filmweb.pl/user/AoiYuno/friends?page=2,azapert1
https://www.filmweb.pl/user/AoiYuno/friends?page=2,mindia
https://www.filmweb.pl/user/biernas3/friends?page=1,Bartlomiej_Pieniak
https://www.filmweb.pl/user/biernas3/friends?page=1,msobiecki
https://www.filmweb.pl/user/biernas3/friends?page=1,ankasmietankaa
https://www.filmweb.pl/user/biernas3/friends?page=1,Peteyyy
https://www.filmweb.pl/user/biernas3/friends?page=1,armagedon13
https://www.filmweb.pl/user/martyna_zmijewska1/friends?page=1,cinoos
https://www.filmweb.pl/user/Juliette97/friends?page=1,lilizawada
https://www.filmweb.pl/user/Juliette97/friends?page=1,mt_tyszkiewicz
https://www.filmweb.pl/user/Juliette97/friends?page=1,patrykzalecki97
https://www.filmweb.pl/user/Juliette97/friends?page=1,tradziej
https://www.filmweb.pl/user/jasiekwer/friends?page=1,tomasza
https://www.filmweb.pl/user/wiktoriakira/friends?page=1,adrianna_stawska
https://www.filmweb.pl/user/wiktoriakira/friends?page=1,KatexQueen
https://www.filmweb.pl/user/wiktoriakira/friends?page=1,cocolove
https://www.filmweb.pl/user/wiktoriakira/friends?page=1,Zwitkaczona
https://www.filmweb.pl/user/wiktoriakira/friends?page=1,Libido_Airbag
https://www.filmweb.pl/user/hitciorulez/friends?page=1,music6665
https://www.filmweb.pl/user/zaratustra12/friends?page=1,jabloonsky
https://www.filmweb.pl/user/Dzeelllaa/friends?page=1,kamil_ksawi
https://www.filmweb.pl/user/Dzeelllaa/friends?page=1,PalmerRomero
https://www.filmweb.pl/user/Dzeelllaa/friends?page=1,ErRi
https://www.filmweb.pl/user/Dzeelllaa/friends?page=1,barcafan07
https://www.filmweb.pl/user/Dzeelllaa/friends?page=1,pawson_filmweb
https://www.filmweb.pl/user/makowiec63/friends?page=1,escoutiq
https://www.filmweb.pl/user/makowiec63/friends?page=1,AoiYuno
https://www.filmweb.pl/user/makowiec63/friends?page=1,paulinak89
https://www.filmweb.pl/user/makowiec63/friends?page=1,radek_141
https://www.filmweb.pl/user/makowiec63/friends?page=1,as_co
https://www.filmweb.pl/user/6ryba/friends?page=1,dembii
https://www.filmweb.pl/user/Truba/friends?page=1,bondziulmagdalenaa
https://www.filmweb.pl/user/Truba/friends?page=1,mWilgos
https://www.filmweb.pl/user/Truba/friends?page=1,jan_podlaski
https://www.filmweb.pl/user/Truba/friends?page=1,Ambasador2
https://www.filmweb.pl/user/Truba/friends?page=1,paulaaa_i_basta
https://www.filmweb.pl/user/Truba/friends?page=1,xzsssssarlen
https://www.filmweb.pl/user/weronika769/friends?page=1,basia_f2
https://www.filmweb.pl/user/kasiarosa68/friends?page=1,zuzzav
https://www.filmweb.pl/user/kasiarosa68/friends?page=1,magnussz
https://www.filmweb.pl/user/kasiarosa68/friends?page=1,aleksander_drutel
https://www.filmweb.pl/user/kasiarosa68/friends?page=1,bialyninija
https://www.filmweb.pl/user/kasiarosa68/friends?page=1,psik2221
https://www.filmweb.pl/user/nieglut/friends?page=1,biardak
https://www.filmweb.pl/user/nieglut/friends?page=1,aldona7
https://www.filmweb.pl/user/nieglut/friends?page=1,Ireri
https://www.filmweb.pl/user/nieglut/friends?page=1,DaveMaxxx
https://www.filmweb.pl/user/nieglut/friends?page=1,Kitty_Sheerio
https://www.filmweb.pl/user/nieglut/friends?page=1,Calin11
https://www.filmweb.pl/user/biernas3/friends?page=1,Bryant
https://www.filmweb.pl/user/biernas3/friends?page=1,barteg
https://www.filmweb.pl/user/biernas3/friends?page=1,ciepleslonce
https://www.filmweb.pl/user/biernas3/friends?page=1,wixonka
https://www.filmweb.pl/user/biernas3/friends?page=1,bodypaw6
https://www.filmweb.pl/user/biernas3/friends?page=1,agassiaga
https://www.filmweb.pl/user/jasiekwer/friends?page=1,ewa_skrzypek207
https://www.filmweb.pl/user/jasiekwer/friends?page=1,k_ska
https://www.filmweb.pl/user/jasiekwer/friends?page=1,emilahipi
https://www.filmweb.pl/user/jasiekwer/friends?page=1,JohnBeton
https://www.filmweb.pl/user/jasiekwer/friends?page=1,ElPeGie
https://www.filmweb.pl/user/hitciorulez/friends?page=1,oliviazgdyni
https://www.filmweb.pl/user/hitciorulez/friends?page=1,gluchytelefon_filmweb
https://www.filmweb.pl/user/hitciorulez/friends?page=1,michalwieczorek
https://www.filmweb.pl/user/hitciorulez/friends?page=1,sadamchuck
https://www.filmweb.pl/user/hitciorulez/friends?page=1,yomori
https://www.filmweb.pl/user/zaratustra12/friends?page=1,buckethead
https://www.filmweb.pl/user/zaratustra12/friends?page=1,hodlik
https://www.filmweb.pl/user/zaratustra12/friends?page=1,zguback
https://www.filmweb.pl/user/zaratustra12/friends?page=1,mytysy
https://www.filmweb.pl/user/zaratustra12/friends?page=1,alexandras1997
https://www.filmweb.pl/user/zaratustra12/friends?page=1,kallasowa
https://www.filmweb.pl/user/zaratustra12/friends?page=1,rezyserzycia
https://www.filmweb.pl/user/Dzeelllaa/friends?page=1,DominikNowak
https://www.filmweb.pl/user/Mmargosia/friends?page=1,Dr_Marvel
https://www.filmweb.pl/user/makowiec63/friends?page=1,Adam1177
https://www.filmweb.pl/user/makowiec63/friends?page=1,agnzaw108
https://www.filmweb.pl/user/makowiec63/friends?page=1,malina1285
https://www.filmweb.pl/user/makowiec63/friends?page=1,galicja_artur
https://www.filmweb.pl/user/makowiec63/friends?page=1,k_niemczyk
https://www.filmweb.pl/user/6ryba/friends?page=1,thomasnave
https://www.filmweb.pl/user/6ryba/friends?page=1,ula_mida
https://www.filmweb.pl/user/6ryba/friends?page=1,aksonek96
https://www.filmweb.pl/user/6ryba/friends?page=1,mary220998
https://www.filmweb.pl/user/6ryba/friends?page=1,jakub_skoczek
https://www.filmweb.pl/user/6ryba/friends?page=1,i_skrzypek
https://www.filmweb.pl/user/6ryba/friends?page=1,basniarz
https://www.filmweb.pl/user/Truba/friends?page=1,shadowsteper
https://www.filmweb.pl/user/Truba/friends?page=1,ula_medwet
https://www.filmweb.pl/user/Truba/friends?page=1,Mariusz_Kiliszek
https://www.filmweb.pl/user/Truba/friends?page=1,doc_lady
https://www.filmweb.pl/user/Truba/friends?page=1,tomles
https://www.filmweb.pl/user/kamilbondarzewski/friends?page=1,elzkon5
https://www.filmweb.pl/user/weronika769/friends?page=1,Laszko
https://www.filmweb.pl/user/weronika769/friends?page=1,madzikkix
https://www.filmweb.pl/user/weronika769/friends?page=1,anita_mysliwa
https://www.filmweb.pl/user/weronika769/friends?page=1,pawellej
https://www.filmweb.pl/user/weronika769/friends?page=1,Gabriela_50
https://www.filmweb.pl/user/weronika769/friends?page=1,Terefere2002
https://www.filmweb.pl/user/nieglut/friends?page=1,zuziasawinska
https://www.filmweb.pl/user/nieglut/friends?page=1,Zaworio
https://www.filmweb.pl/user/nieglut/friends?page=1,Kerben
https://www.filmweb.pl/user/nieglut/friends?page=1,oksanakucewycz
https://www.filmweb.pl/user/jasiekwer/friends?page=1,feranos
https://www.filmweb.pl/user/jasiekwer/friends?page=1,Flato97
https://www.filmweb.pl/user/jasiekwer/friends?page=1,Kumenisko
https://www.filmweb.pl/user/jasiekwer/friends?page=1,velesvarun
https://www.filmweb.pl/user/jasiekwer/friends?page=1,mckcnela
https://www.filmweb.pl/user/jasiekwer/friends?page=1,Piotr_Filochowski
https://www.filmweb.pl/user/Wuodzio/friends?page=1,aleksandra_pawlak45
https://www.filmweb.pl/user/KasiaM97/friends?page=1,wildflower_
https://www.filmweb.pl/user/KasiaM97/friends?page=1,chester_filmweb
https://www.filmweb.pl/user/hitciorulez/friends?page=1,Arion85
https://www.filmweb.pl/user/hitciorulez/friends?page=1,stefanowskamaryla
https://www.filmweb.pl/user/hitciorulez/friends?page=1,korin00
https://www.filmweb.pl/user/hitciorulez/friends?page=1,hania_czujko
https://www.filmweb.pl/user/hitciorulez/friends?page=1,zadamczak9
https://www.filmweb.pl/user/hitciorulez/friends?page=1,emiliachmiel
https://www.filmweb.pl/user/zaratustra12/friends?page=1,ewelina_wisniewska1995
https://www.filmweb.pl/user/zaratustra12/friends?page=1,kubauz
https://www.filmweb.pl/user/zaratustra12/friends?page=1,falcondwt
https://www.filmweb.pl/user/zaratustra12/friends?page=1,kerukk
https://www.filmweb.pl/user/zalewafilmaniak/friends?page=1,franciszek_kostrzewa
https://www.filmweb.pl/user/Mmargosia/friends?page=1,szmajdzinska
https://www.filmweb.pl/user/Mmargosia/friends?page=1,guczix
https://www.filmweb.pl/user/Mmargosia/friends?page=1,macplawski
https://www.filmweb.pl/user/Mmargosia/friends?page=1,spanieleczek
https://www.filmweb.pl/user/szeflerp2/friends?page=1,dagmaramaronska
https://www.filmweb.pl/user/6ryba/friends?page=1,Asia_Alberska1
https://www.filmweb.pl/user/6ryba/friends?page=1,penishilton
https://www.filmweb.pl/user/6ryba/friends?page=1,alexandras1997
https://www.filmweb.pl/user/6ryba/friends?page=1,FFLORIAN
https://www.filmweb.pl/user/Koscik97/friends?page=2,MrDeath19
https://www.filmweb.pl/user/kamilbondarzewski/friends?page=1,emilahipi
https://www.filmweb.pl/user/kamilbondarzewski/friends?page=1,jerlecki_w
https://www.filmweb.pl/user/kamilbondarzewski/friends?page=1,alexandras1997
https://www.filmweb.pl/user/kamilbondarzewski/friends?page=1,kamilbdb
https://www.filmweb.pl/user/kamilbondarzewski/friends?page=1,wuweihan
https://www.filmweb.pl/user/weronika769/friends?page=1,bartosz_mirek_filmweb
https://www.filmweb.pl/user/weronika769/friends?page=1,Peggy_3
https://www.filmweb.pl/user/weronika769/friends?page=1,cycak_krzysiek
https://www.filmweb.pl/user/weronika769/friends?page=1,black_girl6
https://www.filmweb.pl/user/weronika769/friends?page=1,natalia2015_s
https://www.filmweb.pl/user/Wuodzio/friends?page=1,lukasz_pawlowski1
https://www.filmweb.pl/user/Wuodzio/friends?page=1,angelika_angelika_2
https://www.filmweb.pl/user/Wuodzio/friends?page=1,Magma_lvl5
https://www.filmweb.pl/user/Wuodzio/friends?page=1,adamjanicki96
https://www.filmweb.pl/user/Wuodzio/friends?page=1,LageroS
https://www.filmweb.pl/user/Wuodzio/friends?page=1,Pamela_cwela
https://www.filmweb.pl/user/KasiaM97/friends?page=1,kubapotrykus86
https://www.filmweb.pl/user/KasiaM97/friends?page=1,WSZF030
https://www.filmweb.pl/user/KasiaM97/friends?page=1,Nonamek3
https://www.filmweb.pl/user/KasiaM97/friends?page=1,j_yossarian
https://www.filmweb.pl/user/KasiaM97/friends?page=1,wwronska1
https://www.filmweb.pl/user/KasiaM97/friends?page=1,wojtekarlo
https://www.filmweb.pl/user/piotrek_cyran/friends?page=2,kszymczyk777
https://www.filmweb.pl/user/zalewafilmaniak/friends?page=1,p_pulkowska
https://www.filmweb.pl/user/zalewafilmaniak/friends?page=1,justyna_prejs
https://www.filmweb.pl/user/zalewafilmaniak/friends?page=1,olivfhxt
https://www.filmweb.pl/user/zalewafilmaniak/friends?page=1,syndonin
https://www.filmweb.pl/user/zalewafilmaniak/friends?page=1,crazylazymen
https://www.filmweb.pl/user/gfhfygyh/friends?page=1,balolinka
https://www.filmweb.pl/user/szeflerp2/friends?page=1,Filozof1_filmweb
https://www.filmweb.pl/user/szeflerp2/friends?page=1,5p4rrow
https://www.filmweb.pl/user/szeflerp2/friends?page=1,Mraukeme
https://www.filmweb.pl/user/szeflerp2/friends?page=1,marekmiesikowski
https://www.filmweb.pl/user/szeflerp2/friends?page=1,kannkann
https://www.filmweb.pl/user/ADomoslawski/friends?page=1,xkasiarzx
https://www.filmweb.pl/user/Koscik97/friends?page=2,DiegoMaster1255
https://www.filmweb.pl/user/Koscik97/friends?page=2,timonsword
https://www.filmweb.pl/user/Koscik97/friends?page=2,Domestos_Maximus
https://www.filmweb.pl/user/Koscik97/friends?page=2,Viahjster
https://www.filmweb.pl/user/Koscik97/friends?page=2,Krystian_Szwesta
https://www.filmweb.pl/user/Koscik97/friends?page=2,Darszt93
https://www.filmweb.pl/user/kamilbondarzewski/friends?page=1,gosiaszczepa
https://www.filmweb.pl/user/kamilbondarzewski/friends?page=1,joannabondarzewska
https://www.filmweb.pl/user/kamilbondarzewski/friends?page=1,lubsnnnn
https://www.filmweb.pl/user/kamilbondarzewski/friends?page=1,alka_p
https://www.filmweb.pl/user/kamilbondarzewski/friends?page=1,ponol
https://www.filmweb.pl/user/kamilbondarzewski/friends?page=1,wachowcowna
https://www.filmweb.pl/user/Wuodzio/friends?page=1,kamil_werner95
https://www.filmweb.pl/user/Wuodzio/friends?page=1,kwiateeu
https://www.filmweb.pl/user/Wuodzio/friends?page=1,Dasiek121212
https://www.filmweb.pl/user/Wuodzio/friends?page=1,Michal77s
https://www.filmweb.pl/user/Wuodzio/friends?page=1,klaudiarojek
https://www.filmweb.pl/user/PWW97/friends?page=1,majerwso
https://www.filmweb.pl/user/KasiaM97/friends?page=1,mcmatim
https://www.filmweb.pl/user/KasiaM97/friends?page=1,Alka320
https://www.filmweb.pl/user/KasiaM97/friends?page=1,agent_012
https://www.filmweb.pl/user/KasiaM97/friends?page=1,Paulaunasia
https://www.filmweb.pl/user/bogna1Szelag/friends?page=1,greenzuz
https://www.filmweb.pl/user/greenzuz/friends?page=2,Pola45
https://www.filmweb.pl/user/piotrek_cyran/friends?page=2,ida_czajkowska
https://www.filmweb.pl/user/piotrek_cyran/friends?page=2,Dominika__Jablonka
https://www.filmweb.pl/user/piotrek_cyran/friends?page=2,Arros
https://www.filmweb.pl/user/piotrek_cyran/friends?page=2,kari444444
https://www.filmweb.pl/user/piotrek_cyran/friends?page=2,naaa
https://www.filmweb.pl/user/zalewafilmaniak/friends?page=1,Mikluski
https://www.filmweb.pl/user/zalewafilmaniak/friends?page=1,Koksjakichmalo
https://www.filmweb.pl/user/zalewafilmaniak/friends?page=1,weronikaasinska
https://www.filmweb.pl/user/zalewafilmaniak/friends?page=1,kip3rek
https://www.filmweb.pl/user/zalewafilmaniak/friends?page=1,sativey
https://www.filmweb.pl/user/zalewafilmaniak/friends?page=1,onamovie87
https://www.filmweb.pl/user/damianie/friends?page=1,tomekdmb
https://www.filmweb.pl/user/gfhfygyh/friends?page=1,pkoziolek1
https://www.filmweb.pl/user/gfhfygyh/friends?page=1,blackey3s
https://www.filmweb.pl/user/gfhfygyh/friends?page=1,ailurofilka
https://www.filmweb.pl/user/gfhfygyh/friends?page=1,Sir_Piotr
https://www.filmweb.pl/user/gfhfygyh/friends?page=1,meti314
https://www.filmweb.pl/user/gfhfygyh/friends?page=1,aim0use
https://www.filmweb.pl/user/gfhfygyh/friends?page=1,natalia_murdzek
https://www.filmweb.pl/user/kaplinskimichal/friends?page=1,jakub_serek
https://www.filmweb.pl/user/szeflerp2/friends?page=1,Viahjster
https://www.filmweb.pl/user/szeflerp2/friends?page=1,adamarchlewski
https://www.filmweb.pl/user/szeflerp2/friends?page=1,david_koeln
https://www.filmweb.pl/user/szeflerp2/friends?page=1,zdemoralizowana12
https://www.filmweb.pl/user/szeflerp2/friends?page=1,kuba0000_filmaniak
https://www.filmweb.pl/user/szeflerp2/friends?page=1,Esus09
https://www.filmweb.pl/user/ADomoslawski/friends?page=1,nieglut
https://www.filmweb.pl/user/ADomoslawski/friends?page=1,cheepsg
https://www.filmweb.pl/user/ADomoslawski/friends?page=1,PatrykBorowski1998
https://www.filmweb.pl/user/ADomoslawski/friends?page=1,makooosi
https://www.filmweb.pl/user/ADomoslawski/friends?page=1,PoweredDragon
https://www.filmweb.pl/user/ADomoslawski/friends?page=1,weronika_pawlak00
https://www.filmweb.pl/user/ADomoslawski/friends?page=1,piotrek_cyran
https://www.filmweb.pl/user/Koscik97/friends?page=2,Mateusz_Rak123
https://www.filmweb.pl/user/Koscik97/friends?page=2,kapek79
https://www.filmweb.pl/user/Koscik97/friends?page=2,zoffiijja
https://www.filmweb.pl/user/Koscik97/friends?page=2,boksi
https://www.filmweb.pl/user/Koscik97/friends?page=2,misterybin
https://www.filmweb.pl/user/PWW97/friends?page=1,xwerq
https://www.filmweb.pl/user/PWW97/friends?page=1,ppp368
https://www.filmweb.pl/user/PWW97/friends?page=1,donna_pr
https://www.filmweb.pl/user/PWW97/friends?page=1,JulkamBaranek
https://www.filmweb.pl/user/PWW97/friends?page=1,ola_martynowska985
https://www.filmweb.pl/user/PWW97/friends?page=1,kamilgushito
https://www.filmweb.pl/user/PWW97/friends?page=1,sylwunia1977
https://www.filmweb.pl/user/bogna1Szelag/friends?page=1,Juliette97
https://www.filmweb.pl/user/bogna1Szelag/friends?page=1,kacper04777
https://www.filmweb.pl/user/bogna1Szelag/friends?page=1,brasiia
https://www.filmweb.pl/user/bogna1Szelag/friends?page=1,amla34
https://www.filmweb.pl/user/bogna1Szelag/friends?page=1,julian_sliwinski
https://www.filmweb.pl/user/bogna1Szelag/friends?page=1,gvbumm
https://www.filmweb.pl/user/greenzuz/friends?page=2,AoiYuno
https://www.filmweb.pl/user/greenzuz/friends?page=2,ola98_fw
https://www.filmweb.pl/user/greenzuz/friends?page=2,Juliette97
https://www.filmweb.pl/user/greenzuz/friends?page=2,azapert1
https://www.filmweb.pl/user/greenzuz/friends?page=2,la_sandia
https://www.filmweb.pl/user/greenzuz/friends?page=2,Anmari_21
https://www.filmweb.pl/user/piotrek_cyran/friends?page=2,baktan
https://www.filmweb.pl/user/piotrek_cyran/friends?page=2,Frania2506
https://www.filmweb.pl/user/piotrek_cyran/friends?page=2,Rafciox
https://www.filmweb.pl/user/piotrek_cyran/friends?page=2,paula_eiben
https://www.filmweb.pl/user/piotrek_cyran/friends?page=2,mike9990
https://www.filmweb.pl/user/damianie/friends?page=1,tysia_206
https://www.filmweb.pl/user/damianie/friends?page=1,Kingulka96
https://www.filmweb.pl/user/damianie/friends?page=1,milenahalasa1991
https://www.filmweb.pl/user/damianie/friends?page=1,Killerbee007
https://www.filmweb.pl/user/damianie/friends?page=1,Martyna_Tyfel
https://www.filmweb.pl/user/damianie/friends?page=1,kingael242
https://www.filmweb.pl/user/Juliette97/friends?page=2,penishilton
https://www.filmweb.pl/user/Juliette97/friends?page=2,PannaVelAnna
https://www.filmweb.pl/user/gfhfygyh/friends?page=1,Koscik97
https://www.filmweb.pl/user/gfhfygyh/friends?page=1,myduza
https://www.filmweb.pl/user/gfhfygyh/friends?page=1,Konstancjaaa
https://www.filmweb.pl/user/gfhfygyh/friends?page=1,mikeroads
https://www.filmweb.pl/user/kaplinskimichal/friends?page=1,mateusz_mazi
https://www.filmweb.pl/user/kaplinskimichal/friends?page=1,piotrek_cyran
https://www.filmweb.pl/user/kaplinskimichal/friends?page=1,Borbert
https://www.filmweb.pl/user/kaplinskimichal/friends?page=1,dominiczka0408
https://www.filmweb.pl/user/kaplinskimichal/friends?page=1,JulekW
https://www.filmweb.pl/user/w_smolczynski/friends?page=1,myszka11992
https://www.filmweb.pl/user/ADomoslawski/friends?page=1,gevbagh
https://www.filmweb.pl/user/ADomoslawski/friends?page=1,ola98_fw
https://www.filmweb.pl/user/ADomoslawski/friends?page=1,Yarxo
https://www.filmweb.pl/user/ADomoslawski/friends?page=1,balolinka
https://www.filmweb.pl/user/PWW97/friends?page=1,irachowicz
https://www.filmweb.pl/user/PWW97/friends?page=1,majewcia
https://www.filmweb.pl/user/PWW97/friends?page=1,agata_got
https://www.filmweb.pl/user/PWW97/friends?page=1,greenzuz
https://www.filmweb.pl/user/bogna1Szelag/friends?page=1,biernas3
https://www.filmweb.pl/user/bogna1Szelag/friends?page=1,Izzzzzi
https://www.filmweb.pl/user/bogna1Szelag/friends?page=1,nilos123
https://www.filmweb.pl/user/bogna1Szelag/friends?page=1,Aleksandra_1001
https://www.filmweb.pl/user/bogna1Szelag/friends?page=1,karoliwoj
https://www.filmweb.pl/user/greenzuz/friends?page=2,aaleksandag
https://www.filmweb.pl/user/greenzuz/friends?page=2,kasias3
https://www.filmweb.pl/user/greenzuz/friends?page=2,adamwisiwmada
https://www.filmweb.pl/user/greenzuz/friends?page=2,ukaszmatusik
https://www.filmweb.pl/user/greenzuz/friends?page=2,xardas1396
https://www.filmweb.pl/user/piotrek_cyran/friends?page=2,sigurvegari
https://www.filmweb.pl/user/MaciekBorucki/friends?page=1,maciejnogaj
https://www.filmweb.pl/user/MaciekBorucki/friends?page=1,Hubert_Kaczmarek
https://www.filmweb.pl/user/damianie/friends?page=1,Krolowanocy2704
https://www.filmweb.pl/user/damianie/friends?page=1,colddecemberxx
https://www.filmweb.pl/user/damianie/friends?page=1,_agata_sluzek_
https://www.filmweb.pl/user/damianie/friends?page=1,Szakalix
https://www.filmweb.pl/user/damianie/friends?page=1,Grzechu9966
https://www.filmweb.pl/user/Juliette97/friends?page=2,macias090597
https://www.filmweb.pl/user/Juliette97/friends?page=2,ollka_bednarska
https://www.filmweb.pl/user/Juliette97/friends?page=2,jazgotto
https://www.filmweb.pl/user/Juliette97/friends?page=2,Kubek5542
https://www.filmweb.pl/user/Juliette97/friends?page=2,mumaxd
https://www.filmweb.pl/user/Juliette97/friends?page=2,natalia_narloch
https://www.filmweb.pl/user/kaplinskimichal/friends?page=1,true_black
https://www.filmweb.pl/user/kaplinskimichal/friends?page=1,o_swiecicka
https://www.filmweb.pl/user/kaplinskimichal/friends?page=1,bartekwwe
https://www.filmweb.pl/user/kaplinskimichal/friends?page=1,katarzyna05_2
https://www.filmweb.pl/user/kaplinskimichal/friends?page=1,miaa95
https://www.filmweb.pl/user/w_smolczynski/friends?page=1,plebanofsky
https://www.filmweb.pl/user/w_smolczynski/friends?page=1,kalinos93
https://www.filmweb.pl/user/w_smolczynski/friends?page=1,natalinka__
https://www.filmweb.pl/user/w_smolczynski/friends?page=1,jarek_rypinski
https://www.filmweb.pl/user/w_smolczynski/friends?page=1,sylwiamazurowska
https://www.filmweb.pl/user/lilizawada/friends?page=1,aguniek16
https://www.filmweb.pl/user/lilizawada/friends?page=1,kasia_sufczynska
https://www.filmweb.pl/user/to_venus_and_back/friends?page=1,GiovannaS4503
https://www.filmweb.pl/user/MACIO_118/friends?page=1,aleeeksd
https://www.filmweb.pl/user/MaciekBorucki/friends?page=1,marcel_supertramp
https://www.filmweb.pl/user/MaciekBorucki/friends?page=1,Repartee
https://www.filmweb.pl/user/MaciekBorucki/friends?page=1,slejer6
https://www.filmweb.pl/user/MaciekBorucki/friends?page=1,karla81
https://www.filmweb.pl/user/MaciekBorucki/friends?page=1,Dziubsey
https://www.filmweb.pl/user/MaciekBorucki/friends?page=1,qropatwa
https://www.filmweb.pl/user/MaciekBorucki/friends?page=1,alinalinki5
https://www.filmweb.pl/user/aleeeksd/friends?page=1,azamat11
https://www.filmweb.pl/user/Juliette97/friends?page=2,MichPlusz
https://www.filmweb.pl/user/Juliette97/friends?page=2,AoiYuno
https://www.filmweb.pl/user/Juliette97/friends?page=2,konwiakk
https://www.filmweb.pl/user/Juliette97/friends?page=2,ola98_fw
https://www.filmweb.pl/user/kaplinskimichal/friends?page=1,krzysieczek_filmweb
https://www.filmweb.pl/user/martag01/friends?page=1,damian2912_filmweb
https://www.filmweb.pl/user/w_smolczynski/friends?page=1,some_kind_of_madness
https://www.filmweb.pl/user/w_smolczynski/friends?page=1,misiu2627
https://www.filmweb.pl/user/w_smolczynski/friends?page=1,greenzuz
https://www.filmweb.pl/user/w_smolczynski/friends?page=1,operetka
https://www.filmweb.pl/user/w_smolczynski/friends?page=1,Frq
https://www.filmweb.pl/user/lilizawada/friends?page=1,pregosia
https://www.filmweb.pl/user/lilizawada/friends?page=1,mariafer
https://www.filmweb.pl/user/lilizawada/friends?page=1,Albanek0302
https://www.filmweb.pl/user/lilizawada/friends?page=1,patrycjakocimska
https://www.filmweb.pl/user/lilizawada/friends?page=1,julka_traczyk
https://www.filmweb.pl/user/lilizawada/friends?page=1,movie_3008
https://www.filmweb.pl/user/to_venus_and_back/friends?page=1,Mezoderm
https://www.filmweb.pl/user/to_venus_and_back/friends?page=1,TomekMichalik
https://www.filmweb.pl/user/to_venus_and_back/friends?page=1,Juliette97
https://www.filmweb.pl/user/to_venus_and_back/friends?page=1,Alvaro_Domingez
https://www.filmweb.pl/user/to_venus_and_back/friends?page=1,juliastepien
https://www.filmweb.pl/user/to_venus_and_back/friends?page=1,Rudakatarzyna
https://www.filmweb.pl/user/to_venus_and_back/friends?page=1,ropiakpawel_k
https://www.filmweb.pl/user/to_venus_and_back/friends?page=1,PannaVelAnna
https://www.filmweb.pl/user/MACIO_118/friends?page=1,Kasielke
https://www.filmweb.pl/user/MACIO_118/friends?page=1,adam_borzecki
https://www.filmweb.pl/user/MACIO_118/friends?page=1,cardinaleclaudia
https://www.filmweb.pl/user/MACIO_118/friends?page=1,stroiwasmichal
https://www.filmweb.pl/user/MACIO_118/friends?page=1,k_sajnog13
https://www.filmweb.pl/user/MaciekBorucki/friends?page=1,wejman45
https://www.filmweb.pl/user/MaciekBorucki/friends?page=1,ropiakpawel_k
https://www.filmweb.pl/user/MaciekBorucki/friends?page=1,Lapik
https://www.filmweb.pl/user/tradziej/friends?page=1,jedrzej_nowe
https://www.filmweb.pl/user/aleeeksd/friends?page=1,kszychusz
https://www.filmweb.pl/user/aleeeksd/friends?page=1,kwolczi
https://www.filmweb.pl/user/aleeeksd/friends?page=1,Piotr_Kiljan
https://www.filmweb.pl/user/aleeeksd/friends?page=1,Rob23
https://www.filmweb.pl/user/aleeeksd/friends?page=1,Popelkaa
https://www.filmweb.pl/user/aleeeksd/friends?page=1,patryk1501
https://www.filmweb.pl/user/patrykzalecki97/friends?page=1,bnowacki13
https://www.filmweb.pl/user/martag01/friends?page=1,Abonda
https://www.filmweb.pl/user/martag01/friends?page=1,azamat11
https://www.filmweb.pl/user/martag01/friends?page=1,notburga
https://www.filmweb.pl/user/martag01/friends?page=1,wiktoria188_4
https://www.filmweb.pl/user/martag01/friends?page=1,anya_kowzan
https://www.filmweb.pl/user/w_smolczynski/friends?page=1,susuanne
https://www.filmweb.pl/user/lilizawada/friends?page=1,olagryz
https://www.filmweb.pl/user/lilizawada/friends?page=1,Kubek5542
https://www.filmweb.pl/user/lilizawada/friends?page=1,lodziki
https://www.filmweb.pl/user/lilizawada/friends?page=1,paulinamorawska6
https://www.filmweb.pl/user/to_venus_and_back/friends?page=1,Yana_Bratskova
https://www.filmweb.pl/user/to_venus_and_back/friends?page=1,HaniaMarkiewicz
https://www.filmweb.pl/user/to_venus_and_back/friends?page=1,igor_kieres1
https://www.filmweb.pl/user/MACIO_118/friends?page=1,Candy_niunia
https://www.filmweb.pl/user/MACIO_118/friends?page=1,pory_szymon2001
https://www.filmweb.pl/user/MACIO_118/friends?page=1,mzalecki200
https://www.filmweb.pl/user/MACIO_118/friends?page=1,boleslaw231
https://www.filmweb.pl/user/MACIO_118/friends?page=1,klaaaudysia_1999
https://www.filmweb.pl/user/MACIO_118/friends?page=1,M_Stachowiak_2
https://www.filmweb.pl/user/mt_tyszkiewicz/friends?page=1,Koltun
https://www.filmweb.pl/user/tradziej/friends?page=1,stalmaszek95
https://www.filmweb.pl/user/tradziej/friends?page=1,Ooolimpek
https://www.filmweb.pl/user/tradziej/friends?page=1,sylka13
https://www.filmweb.pl/user/tradziej/friends?page=1,joza98
https://www.filmweb.pl/user/tradziej/friends?page=1,duszdusza
https://www.filmweb.pl/user/tradziej/friends?page=1,kaculeq
https://www.filmweb.pl/user/tradziej/friends?page=1,atominek
https://www.filmweb.pl/user/aleeeksd/friends?page=1,palmowskijakub
https://www.filmweb.pl/user/aleeeksd/friends?page=1,KarolinAnna
https://www.filmweb.pl/user/aleeeksd/friends?page=1,e_konofalska
https://www.filmweb.pl/user/aleeeksd/friends?page=1,fotoreporter007
https://www.filmweb.pl/user/aleeeksd/friends?page=1,maksima97
https://www.filmweb.pl/user/patrykzalecki97/friends?page=1,MACIO_118
https://www.filmweb.pl/user/patrykzalecki97/friends?page=1,styczynski_michal92
https://www.filmweb.pl/user/patrykzalecki97/friends?page=1,wiciaa_kruszewska
https://www.filmweb.pl/user/patrykzalecki97/friends?page=1,summer00bummer
https://www.filmweb.pl/user/patrykzalecki97/friends?page=1,jedrzejewskan524
https://www.filmweb.pl/user/patrykzalecki97/friends?page=1,michal_berent
https://www.filmweb.pl/user/martag01/friends?page=1,July_in_tokio
https://www.filmweb.pl/user/martag01/friends?page=1,paulina_kosewska
https://www.filmweb.pl/user/martag01/friends?page=1,KrysiaSweetBlue
https://www.filmweb.pl/user/martag01/friends?page=1,zuz_01
https://www.filmweb.pl/user/martag01/friends?page=1,laszukamcia
https://www.filmweb.pl/user/feranos/friends?page=1,grajeek91
https://www.filmweb.pl/user/ElPeGie/friends?page=1,Laszko
https://www.filmweb.pl/user/JohnBeton/friends?page=1,kvnxc
https://www.filmweb.pl/user/emilahipi/friends?page=1,joannapolens
https://www.filmweb.pl/user/mt_tyszkiewicz/friends?page=1,kjagiello2011
https://www.filmweb.pl/user/mt_tyszkiewicz/friends?page=1,ulaszkad
https://www.filmweb.pl/user/mt_tyszkiewicz/friends?page=1,MARTAQ17
https://www.filmweb.pl/user/mt_tyszkiewicz/friends?page=1,SzymonPiniu
https://www.filmweb.pl/user/mt_tyszkiewicz/friends?page=1,usar93
https://www.filmweb.pl/user/mt_tyszkiewicz/friends?page=1,mdzienis6
https://www.filmweb.pl/user/mt_tyszkiewicz/friends?page=1,Zuzbrick
https://www.filmweb.pl/user/tradziej/friends?page=1,gekonmax
https://www.filmweb.pl/user/tradziej/friends?page=1,wganko
https://www.filmweb.pl/user/tradziej/friends?page=1,Lapik
https://www.filmweb.pl/user/tradziej/friends?page=1,Nowaczek_2
https://www.filmweb.pl/user/k_ska/friends?page=1,arife_2
https://www.filmweb.pl/user/patrykzalecki97/friends?page=1,kinga_kajtaniak
https://www.filmweb.pl/user/patrykzalecki97/friends?page=1,olci_aaa2002
https://www.filmweb.pl/user/patrykzalecki97/friends?page=1,azamat11
https://www.filmweb.pl/user/patrykzalecki97/friends?page=1,mzalecki200
https://www.filmweb.pl/user/patrykzalecki97/friends?page=1,karolinadlugolecka09
https://www.filmweb.pl/user/martag01/friends?page=1,Krystek1010
https://www.filmweb.pl/user/feranos/friends?page=1,Shaeri
https://www.filmweb.pl/user/feranos/friends?page=1,soldat2333
https://www.filmweb.pl/user/feranos/friends?page=1,qben93
https://www.filmweb.pl/user/feranos/friends?page=1,jasiekwer
https://www.filmweb.pl/user/feranos/friends?page=1,bartosz_mroz83
https://www.filmweb.pl/user/feranos/friends?page=1,shoghunn69
https://www.filmweb.pl/user/feranos/friends?page=1,Verdungo
https://www.filmweb.pl/user/ElPeGie/friends?page=1,joasiazero
https://www.filmweb.pl/user/ElPeGie/friends?page=1,kozyrian
https://www.filmweb.pl/user/ElPeGie/friends?page=1,Soban54
https://www.filmweb.pl/user/ElPeGie/friends?page=1,skowron1992
https://www.filmweb.pl/user/ElPeGie/friends?page=1,szopa00
https://www.filmweb.pl/user/JohnBeton/friends?page=1,pawel494
https://www.filmweb.pl/user/JohnBeton/friends?page=1,ErnestPL
https://www.filmweb.pl/user/JohnBeton/friends?page=1,Albanek0302
https://www.filmweb.pl/user/JohnBeton/friends?page=1,dominikaceglowska
https://www.filmweb.pl/user/JohnBeton/friends?page=1,Daergoth
https://www.filmweb.pl/user/JohnBeton/friends?page=1,krzysztof721
https://www.filmweb.pl/user/emilahipi/friends?page=1,reliance
https://www.filmweb.pl/user/emilahipi/friends?page=1,jolanta_lugowska97
https://www.filmweb.pl/user/emilahipi/friends?page=1,kkru3ek
https://www.filmweb.pl/user/emilahipi/friends?page=1,alyszka432
https://www.filmweb.pl/user/emilahipi/friends?page=1,kamil1st
https://www.filmweb.pl/user/mt_tyszkiewicz/friends?page=1,nonormall68
https://www.filmweb.pl/user/mt_tyszkiewicz/friends?page=1,so_Sonia
https://www.filmweb.pl/user/mt_tyszkiewicz/friends?page=1,Prorok300
https://www.filmweb.pl/user/mt_tyszkiewicz/friends?page=1,mariryg
https://www.filmweb.pl/user/Piotr_Filochowski/friends?page=1,weronika_iwan_2
https://www.filmweb.pl/user/k_ska/friends?page=1,mieso123
https://www.filmweb.pl/user/k_ska/friends?page=1,slashmmz
https://www.filmweb.pl/user/k_ska/friends?page=1,kasiakali93
https://www.filmweb.pl/user/k_ska/friends?page=1,Agnes0000
https://www.filmweb.pl/user/k_ska/friends?page=1,su09877776543567890hg
https://www.filmweb.pl/user/k_ska/friends?page=1,jeskeagnieszka
https://www.filmweb.pl/user/mckcnela/friends?page=1,malggo_filmweb
https://www.filmweb.pl/user/feranos/friends?page=1,sparol13
https://www.filmweb.pl/user/feranos/friends?page=1,nwejrzanowska7
https://www.filmweb.pl/user/feranos/friends?page=1,melangemen
https://www.filmweb.pl/user/feranos/friends?page=1,cziwonapa
https://www.filmweb.pl/user/ElPeGie/friends?page=1,szatanzeskarzyska
https://www.filmweb.pl/user/ElPeGie/friends?page=1,MH_Guy
https://www.filmweb.pl/user/ElPeGie/friends?page=1,natalusia1414
https://www.filmweb.pl/user/ElPeGie/friends?page=1,Halt888
https://www.filmweb.pl/user/ElPeGie/friends?page=1,milenas92
https://www.filmweb.pl/user/ElPeGie/friends?page=1,KrzysztofLobodzinski
https://www.filmweb.pl/user/JohnBeton/friends?page=1,Franco72
https://www.filmweb.pl/user/JohnBeton/friends?page=1,MonikaThe100
https://www.filmweb.pl/user/JohnBeton/friends?page=1,thewojtek099
https://www.filmweb.pl/user/JohnBeton/friends?page=1,Grochu_filmweb
https://www.filmweb.pl/user/emilahipi/friends?page=1,pit_dziubich
https://www.filmweb.pl/user/emilahipi/friends?page=1,Kowciu90
https://www.filmweb.pl/user/emilahipi/friends?page=1,Timonorx
https://www.filmweb.pl/user/emilahipi/friends?page=1,evi_s
https://www.filmweb.pl/user/emilahipi/friends?page=1,darialui
https://www.filmweb.pl/user/emilahipi/friends?page=1,nadmian
https://www.filmweb.pl/user/Piotr_Filochowski/friends?page=1,kle114
https://www.filmweb.pl/user/Piotr_Filochowski/friends?page=1,marekm71
https://www.filmweb.pl/user/Piotr_Filochowski/friends?page=1,Monini29
https://www.filmweb.pl/user/Piotr_Filochowski/friends?page=1,lbovsky
https://www.filmweb.pl/user/Piotr_Filochowski/friends?page=1,kada610
https://www.filmweb.pl/user/Piotr_Filochowski/friends?page=1,tosnowiec4
https://www.filmweb.pl/user/k_ska/friends?page=1,Sylwia_109
https://www.filmweb.pl/user/k_ska/friends?page=1,pralister
https://www.filmweb.pl/user/k_ska/friends?page=1,niedojrzalabulka
https://www.filmweb.pl/user/k_ska/friends?page=1,Filmwatcher_
https://www.filmweb.pl/user/k_ska/friends?page=1,smoczol
https://www.filmweb.pl/user/mckcnela/friends?page=1,holistyk12
https://www.filmweb.pl/user/mckcnela/friends?page=1,martyna_polewany
https://www.filmweb.pl/user/mckcnela/friends?page=1,eva_mroczkowska
https://www.filmweb.pl/user/mckcnela/friends?page=1,Stramek87
https://www.filmweb.pl/user/mckcnela/friends?page=1,komicznie
https://www.filmweb.pl/user/mckcnela/friends?page=1,pszczola_sz
https://www.filmweb.pl/user/adamjanicki96/friends?page=1,GoodJobBartek
https://www.filmweb.pl/user/adamjanicki96/friends?page=1,KatarzynaMichalewicz
https://www.filmweb.pl/user/PWW97/friends?page=2,charkos176
https://www.filmweb.pl/user/PWW97/friends?page=2,L68057
https://www.filmweb.pl/user/sylwunia1977/friends?page=1,bnowacki13
https://www.filmweb.pl/user/Michal77s/friends?page=1,mariacecyliastasiecka
https://www.filmweb.pl/user/Michal77s/friends?page=1,ania_tarasewicz
https://www.filmweb.pl/user/Dasiek121212/friends?page=1,zukero18
https://www.filmweb.pl/user/JohnBeton/friends?page=1,zuziaonikki
https://www.filmweb.pl/user/kwiateeu/friends?page=1,WeronikaCichocka
https://www.filmweb.pl/user/kamilgushito/friends?page=1,PWW97
https://www.filmweb.pl/user/kamilgushito/friends?page=1,pawel_uszynski
https://www.filmweb.pl/user/Piotr_Filochowski/friends?page=1,maciek_foltyn0
https://www.filmweb.pl/user/Piotr_Filochowski/friends?page=1,karlipinska
https://www.filmweb.pl/user/Piotr_Filochowski/friends?page=1,czapi6_2
https://www.filmweb.pl/user/Piotr_Filochowski/friends?page=1,jullieee
https://www.filmweb.pl/user/Piotr_Filochowski/friends?page=1,kiba4444
https://www.filmweb.pl/user/kamil_werner95/friends?page=1,kapi98mac
https://www.filmweb.pl/user/kamil_werner95/friends?page=1,dawid_w2102
https://www.filmweb.pl/user/mckcnela/friends?page=1,kstarnawski
https://www.filmweb.pl/user/mckcnela/friends?page=1,matelled
https://www.filmweb.pl/user/mckcnela/friends?page=1,aga_frankel
https://www.filmweb.pl/user/mckcnela/friends?page=1,zawadzki_mike
https://www.filmweb.pl/user/mckcnela/friends?page=1,MWydrzynski
https://www.filmweb.pl/user/adamjanicki96/friends?page=1,_julia_natalia__
https://www.filmweb.pl/user/adamjanicki96/friends?page=1,karolzdybel91
https://www.filmweb.pl/user/adamjanicki96/friends?page=1,lowe997
https://www.filmweb.pl/user/adamjanicki96/friends?page=1,Lukcel
https://www.filmweb.pl/user/adamjanicki96/friends?page=1,pauel_d
https://www.filmweb.pl/user/adamjanicki96/friends?page=1,okokota_2
https://www.filmweb.pl/user/PWW97/friends?page=2,mzciek
https://www.filmweb.pl/user/PWW97/friends?page=2,morelka12
https://www.filmweb.pl/user/PWW97/friends?page=2,tomashek97
https://www.filmweb.pl/user/PWW97/friends?page=2,raczuuuch
https://www.filmweb.pl/user/sylwunia1977/friends?page=1,PWW97
https://www.filmweb.pl/user/sylwunia1977/friends?page=1,kaziu95k
https://www.filmweb.pl/user/sylwunia1977/friends?page=1,bales1962
https://www.filmweb.pl/user/sylwunia1977/friends?page=1,madzia155
https://www.filmweb.pl/user/sylwunia1977/friends?page=1,zx55
https://www.filmweb.pl/user/Michal77s/friends?page=1,Jaqubo18
https://www.filmweb.pl/user/Michal77s/friends?page=1,agornikowski_filmweb
https://www.filmweb.pl/user/Michal77s/friends?page=1,madziunka
https://www.filmweb.pl/user/Michal77s/friends?page=1,Pietrucha98
https://www.filmweb.pl/user/Michal77s/friends?page=1,Wuodzio
https://www.filmweb.pl/user/Michal77s/friends?page=1,wiktoria98_2
https://www.filmweb.pl/user/Dasiek121212/friends?page=1,mikol4j
https://www.filmweb.pl/user/Dasiek121212/friends?page=1,jankes1916
https://www.filmweb.pl/user/Dasiek121212/friends?page=1,aniakurzela7
https://www.filmweb.pl/user/Dasiek121212/friends?page=1,kacper_dwyer
https://www.filmweb.pl/user/Dasiek121212/friends?page=1,pamieta_
https://www.filmweb.pl/user/Dasiek121212/friends?page=1,mileaoj
https://www.filmweb.pl/user/kwiateeu/friends?page=1,Lolczak69
https://www.filmweb.pl/user/kwiateeu/friends?page=1,karzaj25
https://www.filmweb.pl/user/kwiateeu/friends?page=1,kapitanodupas
https://www.filmweb.pl/user/kwiateeu/friends?page=1,kartofel_cebula
https://www.filmweb.pl/user/kwiateeu/friends?page=1,Filmor
https://www.filmweb.pl/user/kwiateeu/friends?page=1,Suweren1
https://www.filmweb.pl/user/kamilgushito/friends?page=1,gabrielabohonos
https://www.filmweb.pl/user/kamilgushito/friends?page=1,marta_r_rutkowska
https://www.filmweb.pl/user/kamilgushito/friends?page=1,natalia_rakk
https://www.filmweb.pl/user/kamilgushito/friends?page=1,BartWoyt
https://www.filmweb.pl/user/kamilgushito/friends?page=1,p_wozny
https://www.filmweb.pl/user/kamil_werner95/friends?page=1,adriankaada
https://www.filmweb.pl/user/kamil_werner95/friends?page=1,ginspirations
https://www.filmweb.pl/user/kamil_werner95/friends?page=1,myszoraaa
https://www.filmweb.pl/user/kamil_werner95/friends?page=1,marekrybinski
https://www.filmweb.pl/user/kamil_werner95/friends?page=1,CasanMcKirk
https://www.filmweb.pl/user/kamil_werner95/friends?page=1,annakucharska93
https://www.filmweb.pl/user/adamjanicki96/friends?page=1,pablo5987
https://www.filmweb.pl/user/adamjanicki96/friends?page=1,kirill_kondra
https://www.filmweb.pl/user/adamjanicki96/friends?page=1,kubajakobiak
https://www.filmweb.pl/user/adamjanicki96/friends?page=1,mariolkalg104
https://www.filmweb.pl/user/PWW97/friends?page=2,KKshi_Snsei
https://www.filmweb.pl/user/PWW97/friends?page=2,kaki9906
https://www.filmweb.pl/user/PWW97/friends?page=2,mysia01
https://www.filmweb.pl/user/PWW97/friends?page=2,rdkk
https://www.filmweb.pl/user/PWW97/friends?page=2,figa9000
https://www.filmweb.pl/user/sylwunia1977/friends?page=1,tomasz_straz
https://www.filmweb.pl/user/sylwunia1977/friends?page=1,mr_marcin_drozdz
https://www.filmweb.pl/user/sylwunia1977/friends?page=1,marcelghazaryan2016
https://www.filmweb.pl/user/sylwunia1977/friends?page=1,ksieciuszwajlik
https://www.filmweb.pl/user/Michal77s/friends?page=1,effy1
https://www.filmweb.pl/user/Michal77s/friends?page=1,Rafal_Sobotka
https://www.filmweb.pl/user/Michal77s/friends?page=1,Qbicus
https://www.filmweb.pl/user/Michal77s/friends?page=1,Adrian37
https://www.filmweb.pl/user/Dasiek121212/friends?page=1,Ixy155
https://www.filmweb.pl/user/Dasiek121212/friends?page=1,sysia4321
https://www.filmweb.pl/user/Dasiek121212/friends?page=1,aleksandra_dumala94
https://www.filmweb.pl/user/Dasiek121212/friends?page=1,Bloodyene
https://www.filmweb.pl/user/Dasiek121212/friends?page=1,rzeczkaporzeczka
https://www.filmweb.pl/user/kwiateeu/friends?page=1,sasienda
https://www.filmweb.pl/user/kwiateeu/friends?page=1,mrkris2
https://www.filmweb.pl/user/kwiateeu/friends?page=1,mmps10000
https://www.filmweb.pl/user/kwiateeu/friends?page=1,kinga_rasi
https://www.filmweb.pl/user/kwiateeu/friends?page=1,Ang3rr
https://www.filmweb.pl/user/kamilgushito/friends?page=1,ziolka114
https://www.filmweb.pl/user/kamilgushito/friends?page=1,zygurek16
https://www.filmweb.pl/user/kamilgushito/friends?page=1,marti1702
https://www.filmweb.pl/user/kamilgushito/friends?page=1,Filmat
https://www.filmweb.pl/user/kamilgushito/friends?page=1,pietrek_h
https://www.filmweb.pl/user/agata_got/friends?page=1,PWW97
https://www.filmweb.pl/user/agata_got/friends?page=1,twojastara_48
https://www.filmweb.pl/user/kamil_werner95/friends?page=1,dtel
https://www.filmweb.pl/user/kamil_werner95/friends?page=1,syloYT
https://www.filmweb.pl/user/kamil_werner95/friends?page=1,pemmbe
https://www.filmweb.pl/user/kamil_werner95/friends?page=1,Anusiak555
https://www.filmweb.pl/user/PWW97/friends?page=2,aga8175nie
https://www.filmweb.pl/user/sylwunia1977/friends?page=1,zalesky
https://www.filmweb.pl/user/sylwunia1977/friends?page=1,piotrprzedpelski
https://www.filmweb.pl/user/aguniek16/friends?page=1,lilizawada
https://www.filmweb.pl/user/lilizawada/friends?page=2,polla1111
https://www.filmweb.pl/user/natalinka__/friends?page=1,mmmalgos
https://www.filmweb.pl/user/natalinka__/friends?page=1,horhehorhe
https://www.filmweb.pl/user/kalinos93/friends?page=1,anusia_102
https://www.filmweb.pl/user/movie_3008/friends?page=1,aguniek16
https://www.filmweb.pl/user/agata_got/friends?page=1,witola1
https://www.filmweb.pl/user/agata_got/friends?page=1,baartii097
https://www.filmweb.pl/user/agata_got/friends?page=1,wika260902
https://www.filmweb.pl/user/agata_got/friends?page=1,anullqa22
https://www.filmweb.pl/user/agata_got/friends?page=1,jolusia135
https://www.filmweb.pl/user/julka_traczyk/friends?page=1,madzialena78276
https://www.filmweb.pl/user/aguniek16/friends?page=1,p1o2z3y4
https://www.filmweb.pl/user/aguniek16/friends?page=1,marpej
https://www.filmweb.pl/user/aguniek16/friends?page=1,Berrytime0309
https://www.filmweb.pl/user/aguniek16/friends?page=1,helenpoodle
https://www.filmweb.pl/user/aguniek16/friends?page=1,zuzanna_b1000
https://www.filmweb.pl/user/lilizawada/friends?page=2,kuba_bysiu
https://www.filmweb.pl/user/lilizawada/friends?page=2,dominik090401
https://www.filmweb.pl/user/lilizawada/friends?page=2,olcia_bond
https://www.filmweb.pl/user/lilizawada/friends?page=2,martyna_gawrys_2
https://www.filmweb.pl/user/lilizawada/friends?page=2,karol_pietrewicz
https://www.filmweb.pl/user/natalinka__/friends?page=1,pablo601
https://www.filmweb.pl/user/natalinka__/friends?page=1,maria_szatanska
https://www.filmweb.pl/user/natalinka__/friends?page=1,patiku_patiku
https://www.filmweb.pl/user/natalinka__/friends?page=1,w_smolczynski
https://www.filmweb.pl/user/natalinka__/friends?page=1,jolanta_murawska5
https://www.filmweb.pl/user/natalinka__/friends?page=1,Faaabooo
https://www.filmweb.pl/user/kalinos93/friends?page=1,plebanofsky
https://www.filmweb.pl/user/kalinos93/friends?page=1,sylwiamazurowska
https://www.filmweb.pl/user/kalinos93/friends?page=1,bystra75
https://www.filmweb.pl/user/kalinos93/friends?page=1,misiu2627
https://www.filmweb.pl/user/kalinos93/friends?page=1,w_smolczynski
https://www.filmweb.pl/user/movie_3008/friends?page=1,kasia_sufczynska
https://www.filmweb.pl/user/movie_3008/friends?page=1,lilizawada
https://www.filmweb.pl/user/movie_3008/friends?page=1,Filip_Zalewski_fw
https://www.filmweb.pl/user/movie_3008/friends?page=1,dominik090401
https://www.filmweb.pl/user/movie_3008/friends?page=1,Paulinak324
https://www.filmweb.pl/user/movie_3008/friends?page=1,agnieszka_paluszak
https://www.filmweb.pl/user/movie_3008/friends?page=1,ulakraski
https://www.filmweb.pl/user/agata_got/friends?page=1,Kierzuch
https://www.filmweb.pl/user/agata_got/friends?page=1,karolinaprewecka
https://www.filmweb.pl/user/agata_got/friends?page=1,na_wet
https://www.filmweb.pl/user/agata_got/friends?page=1,mikolaj_elo
https://www.filmweb.pl/user/agata_got/friends?page=1,julka_steckiewicz12
https://www.filmweb.pl/user/julka_traczyk/friends?page=1,kasia_sufczynska
https://www.filmweb.pl/user/julka_traczyk/friends?page=1,lilizawada
https://www.filmweb.pl/user/julka_traczyk/friends?page=1,toniemaja
https://www.filmweb.pl/user/julka_traczyk/friends?page=1,aine_4_filmweb
https://www.filmweb.pl/user/julka_traczyk/friends?page=1,Madzia_131
https://www.filmweb.pl/user/jarek_rypinski/friends?page=1,mariuszjablonski08
https://www.filmweb.pl/user/aguniek16/friends?page=1,movie_3008
https://www.filmweb.pl/user/aguniek16/friends?page=1,syloko9876
https://www.filmweb.pl/user/aguniek16/friends?page=1,Pati_Pati_
https://www.filmweb.pl/user/aguniek16/friends?page=1,SebastianTeuszEmilian
https://www.filmweb.pl/user/aguniek16/friends?page=1,wladyczukania
https://www.filmweb.pl/user/lilizawada/friends?page=2,ulakraski
https://www.filmweb.pl/user/lilizawada/friends?page=2,verdemati
https://www.filmweb.pl/user/lilizawada/friends?page=2,kubsonmorawski
https://www.filmweb.pl/user/lilizawada/friends?page=2,babciagula
https://www.filmweb.pl/user/lilizawada/friends?page=2,MarCysSia_2
https://www.filmweb.pl/user/lilizawada/friends?page=2,dawidorzelski
https://www.filmweb.pl/user/natalinka__/friends?page=1,osienka19
https://www.filmweb.pl/user/natalinka__/friends?page=1,mikgyuf
https://www.filmweb.pl/user/natalinka__/friends?page=1,piotrek170589
https://www.filmweb.pl/user/natalinka__/friends?page=1,siegierrap
https://www.filmweb.pl/user/kalinos93/friends?page=1,cigarette_smoke
https://www.filmweb.pl/user/kalinos93/friends?page=1,monio_93
https://www.filmweb.pl/user/kalinos93/friends?page=1,igorkalinowski12
https://www.filmweb.pl/user/kalinos93/friends?page=1,monikaolszewska3344
https://www.filmweb.pl/user/kalinos93/friends?page=1,misia199712
https://www.filmweb.pl/user/kalinos93/friends?page=1,RozmowyNoca
https://www.filmweb.pl/user/movie_3008/friends?page=1,wera2001
https://www.filmweb.pl/user/movie_3008/friends?page=1,teresaska
https://www.filmweb.pl/user/movie_3008/friends?page=1,Bass_Boii
https://www.filmweb.pl/user/movie_3008/friends?page=1,Karolina_Damska
https://www.filmweb.pl/user/paulinamorawska6/friends?page=1,martynaperzanowska08
https://www.filmweb.pl/user/julka_traczyk/friends?page=1,MatioOgo
https://www.filmweb.pl/user/julka_traczyk/friends?page=1,Crusolka
https://www.filmweb.pl/user/julka_traczyk/friends?page=1,sebekm131
https://www.filmweb.pl/user/julka_traczyk/friends?page=1,Abberton
https://www.filmweb.pl/user/julka_traczyk/friends?page=1,werkaxddd
https://www.filmweb.pl/user/julka_traczyk/friends?page=1,bambusel
https://www.filmweb.pl/user/jarek_rypinski/friends?page=1,mariuszgrzybowski
https://www.filmweb.pl/user/jarek_rypinski/friends?page=1,dorka552
https://www.filmweb.pl/user/jarek_rypinski/friends?page=1,czarek96
https://www.filmweb.pl/user/jarek_rypinski/friends?page=1,marogrochu
https://www.filmweb.pl/user/jarek_rypinski/friends?page=1,wejer24
https://www.filmweb.pl/user/jarek_rypinski/friends?page=1,myszka11992
https://www.filmweb.pl/user/aguniek16/friends?page=1,Patrycja123_19
https://www.filmweb.pl/user/lodziki/friends?page=1,TymoteuszSkorupka
https://www.filmweb.pl/user/anya_kowzan/friends?page=1,ewus_7
https://www.filmweb.pl/user/wiktoria188_4/friends?page=1,martag01
https://www.filmweb.pl/user/notburga/friends?page=1,martag01
https://www.filmweb.pl/user/notburga/friends?page=1,Izabela_Otlowska
https://www.filmweb.pl/user/paulinamorawska6/friends?page=1,lilizawada
https://www.filmweb.pl/user/paulinamorawska6/friends?page=1,Michal_Kaw
https://www.filmweb.pl/user/paulinamorawska6/friends?page=1,kingastankiewicz
https://www.filmweb.pl/user/paulinamorawska6/friends?page=1,magda_frackowiak34
https://www.filmweb.pl/user/paulinamorawska6/friends?page=1,Ivy3
https://www.filmweb.pl/user/paulinamorawska6/friends?page=1,kaweckiwojtek1998
https://www.filmweb.pl/user/jarek_rypinski/friends?page=1,op259
https://www.filmweb.pl/user/jarek_rypinski/friends?page=1,julita4433
https://www.filmweb.pl/user/jarek_rypinski/friends?page=1,w_smolczynski
https://www.filmweb.pl/user/jarek_rypinski/friends?page=1,daruder27
https://www.filmweb.pl/user/jarek_rypinski/friends?page=1,sylwiamazurowska
https://www.filmweb.pl/user/lodziki/friends?page=1,lilizawada
https://www.filmweb.pl/user/lodziki/friends?page=1,kinga_aronowska
https://www.filmweb.pl/user/lodziki/friends?page=1,klaudialis_2000
https://www.filmweb.pl/user/lodziki/friends?page=1,ssobuss
https://www.filmweb.pl/user/lodziki/friends?page=1,ewela_wawrzyniak
https://www.filmweb.pl/user/lodziki/friends?page=1,rotkivwv
https://www.filmweb.pl/user/lodziki/friends?page=1,21antek
https://www.filmweb.pl/user/anya_kowzan/friends?page=1,martag01
https://www.filmweb.pl/user/anya_kowzan/friends?page=1,nieglut
https://www.filmweb.pl/user/anya_kowzan/friends?page=1,przemul123
https://www.filmweb.pl/user/anya_kowzan/friends?page=1,KrysiaSweetBlue
https://www.filmweb.pl/user/anya_kowzan/friends?page=1,Burak97
https://www.filmweb.pl/user/anya_kowzan/friends?page=1,lukasz_kalisz_filmweb
https://www.filmweb.pl/user/anya_kowzan/friends?page=1,sa6a_97
https://www.filmweb.pl/user/wiktoria188_4/friends?page=1,paulina_prokop2
https://www.filmweb.pl/user/wiktoria188_4/friends?page=1,maredzin
https://www.filmweb.pl/user/wiktoria188_4/friends?page=1,slawo_2000
https://www.filmweb.pl/user/wiktoria188_4/friends?page=1,mrowka5081313
https://www.filmweb.pl/user/wiktoria188_4/friends?page=1,smerf978
https://www.filmweb.pl/user/wiktoria188_4/friends?page=1,juliasalak
https://www.filmweb.pl/user/notburga/friends?page=1,karolinastachelek
https://www.filmweb.pl/user/notburga/friends?page=1,mkrzysztof_filmaniak
https://www.filmweb.pl/user/notburga/friends?page=1,grzegoshh
https://www.filmweb.pl/user/notburga/friends?page=1,mateusz_kalinowski94
https://www.filmweb.pl/user/paulinamorawska6/friends?page=1,martyna_gawrys_2
https://www.filmweb.pl/user/paulinamorawska6/friends?page=1,szymon_nagraba
https://www.filmweb.pl/user/paulinamorawska6/friends?page=1,nopocoto
https://www.filmweb.pl/user/paulinamorawska6/friends?page=1,kep_marcin
https://www.filmweb.pl/user/paulinamorawska6/friends?page=1,pszczepanek
https://www.filmweb.pl/user/susuanne/friends?page=1,kubapienczuk
https://www.filmweb.pl/user/lodziki/friends?page=1,berlinska
https://www.filmweb.pl/user/lodziki/friends?page=1,123456789sbhehhsxhcjc
https://www.filmweb.pl/user/lodziki/friends?page=1,mariafer
https://www.filmweb.pl/user/lodziki/friends?page=1,joannapiotrowska
https://www.filmweb.pl/user/anya_kowzan/friends?page=1,malwisiek0901
https://www.filmweb.pl/user/anya_kowzan/friends?page=1,Bura_filmweb
https://www.filmweb.pl/user/anya_kowzan/friends?page=1,ilonaolszewska1515
https://www.filmweb.pl/user/anya_kowzan/friends?page=1,Drq_
https://www.filmweb.pl/user/szatanzeskarzyska/friends?page=1,pojebanasarna
https://www.filmweb.pl/user/wiktoria188_4/friends?page=1,fejmx
https://www.filmweb.pl/user/wiktoria188_4/friends?page=1,patrykzalecki97
https://www.filmweb.pl/user/wiktoria188_4/friends?page=1,patrykbonzo
https://www.filmweb.pl/user/wiktoria188_4/friends?page=1,krystian_kijoch
https://www.filmweb.pl/user/wiktoria188_4/friends?page=1,ola1501_fw
https://www.filmweb.pl/user/olagryz/friends?page=1,weronika_dousa777
https://www.filmweb.pl/user/notburga/friends?page=1,adzia098
https://www.filmweb.pl/user/notburga/friends?page=1,Postpunk69
https://www.filmweb.pl/user/notburga/friends?page=1,ania080522
https://www.filmweb.pl/user/notburga/friends?page=1,macieq1989
https://www.filmweb.pl/user/notburga/friends?page=1,Ramapitek
https://www.filmweb.pl/user/notburga/friends?page=1,vistren
https://www.filmweb.pl/user/Abonda/friends?page=1,jakubcieplak_2
https://www.filmweb.pl/user/susuanne/friends?page=1,claudia_derkovska
https://www.filmweb.pl/user/susuanne/friends?page=1,patrycja14_07
https://www.filmweb.pl/user/susuanne/friends?page=1,mcnk4
https://www.filmweb.pl/user/susuanne/friends?page=1,michal_mdol
https://www.filmweb.pl/user/susuanne/friends?page=1,patrycjanafilmwebie
https://www.filmweb.pl/user/susuanne/friends?page=1,krystian_wilczak
https://www.filmweb.pl/user/susuanne/friends?page=1,anita_klos
https://www.filmweb.pl/user/Grochu_filmweb/friends?page=1,pawel494
https://www.filmweb.pl/user/szatanzeskarzyska/friends?page=1,mczerniszewska
https://www.filmweb.pl/user/szatanzeskarzyska/friends?page=1,ayil
https://www.filmweb.pl/user/szatanzeskarzyska/friends?page=1,ElPeGie
https://www.filmweb.pl/user/szatanzeskarzyska/friends?page=1,macius_szczygiel
https://www.filmweb.pl/user/thewojtek099/friends?page=1,JohnBeton
https://www.filmweb.pl/user/olagryz/friends?page=1,lilizawada
https://www.filmweb.pl/user/olagryz/friends?page=1,klyrka
https://www.filmweb.pl/user/olagryz/friends?page=1,shadowadolf
https://www.filmweb.pl/user/olagryz/friends?page=1,OPERETKA1313
https://www.filmweb.pl/user/olagryz/friends?page=1,pamela1116
https://www.filmweb.pl/user/MonikaThe100/friends?page=1,msobiecki
https://www.filmweb.pl/user/MonikaThe100/friends?page=1,oleniaczka208
https://www.filmweb.pl/user/Abonda/friends?page=1,martag01
https://www.filmweb.pl/user/Abonda/friends?page=1,wiktoria6xd
https://www.filmweb.pl/user/Abonda/friends?page=1,bialecki_kamil
https://www.filmweb.pl/user/Abonda/friends?page=1,mihll
https://www.filmweb.pl/user/Abonda/friends?page=1,Mateussos
https://www.filmweb.pl/user/Abonda/friends?page=1,picerusonix
https://www.filmweb.pl/user/susuanne/friends?page=1,w_smolczynski
https://www.filmweb.pl/user/susuanne/friends?page=1,kuligos1211
https://www.filmweb.pl/user/susuanne/friends?page=1,Max1313_filmweb
https://www.filmweb.pl/user/susuanne/friends?page=1,lightman19
https://www.filmweb.pl/user/Grochu_filmweb/friends?page=1,JohnBeton
https://www.filmweb.pl/user/Grochu_filmweb/friends?page=1,gooomi
https://www.filmweb.pl/user/Grochu_filmweb/friends?page=1,Zapasowy_filmweb
https://www.filmweb.pl/user/Grochu_filmweb/friends?page=1,mactro99
https://www.filmweb.pl/user/Grochu_filmweb/friends?page=1,Owca52
https://www.filmweb.pl/user/Grochu_filmweb/friends?page=1,h_wyszomierska
https://www.filmweb.pl/user/szatanzeskarzyska/friends?page=1,krystian_gancarz
https://www.filmweb.pl/user/szatanzeskarzyska/friends?page=1,ala_kurek
https://www.filmweb.pl/user/szatanzeskarzyska/friends?page=1,jasiekjasiekjasiek
https://www.filmweb.pl/user/szatanzeskarzyska/friends?page=1,karolinka15122
https://www.filmweb.pl/user/szatanzeskarzyska/friends?page=1,ajaskolski
https://www.filmweb.pl/user/szatanzeskarzyska/friends?page=1,mnq1
https://www.filmweb.pl/user/thewojtek099/friends?page=1,olajaworowska
https://www.filmweb.pl/user/thewojtek099/friends?page=1,Irisha
https://www.filmweb.pl/user/thewojtek099/friends?page=1,LenaST
https://www.filmweb.pl/user/thewojtek099/friends?page=1,Alenko
https://www.filmweb.pl/user/thewojtek099/friends?page=1,janeksaganowski
https://www.filmweb.pl/user/thewojtek099/friends?page=1,sieczkawna00
https://www.filmweb.pl/user/thewojtek099/friends?page=1,Daergoth
https://www.filmweb.pl/user/olagryz/friends?page=1,ropucha1981
https://www.filmweb.pl/user/olagryz/friends?page=1,SouwitPL
https://www.filmweb.pl/user/olagryz/friends?page=1,pusia16
https://www.filmweb.pl/user/olagryz/friends?page=1,zochaa1612
https://www.filmweb.pl/user/olagryz/friends?page=1,liwkao
https://www.filmweb.pl/user/olagryz/friends?page=1,Maladielda
https://www.filmweb.pl/user/MonikaThe100/friends?page=1,gabsia.5
https://www.filmweb.pl/user/MonikaThe100/friends?page=1,ilonatrosina00
https://www.filmweb.pl/user/MonikaThe100/friends?page=1,mijo1
https://www.filmweb.pl/user/MonikaThe100/friends?page=1,JohnBeton
https://www.filmweb.pl/user/MonikaThe100/friends?page=1,Karol_Klopocki
https://www.filmweb.pl/user/MonikaThe100/friends?page=1,zuziaonikki
https://www.filmweb.pl/user/zuziaonikki/friends?page=1,gorov
https://www.filmweb.pl/user/Abonda/friends?page=1,kkn111
https://www.filmweb.pl/user/Abonda/friends?page=1,natali_7
https://www.filmweb.pl/user/Abonda/friends?page=1,michudinho
https://www.filmweb.pl/user/Abonda/friends?page=1,katrinape
https://www.filmweb.pl/user/Abonda/friends?page=1,palmowskijakub
https://www.filmweb.pl/user/Grochu_filmweb/friends?page=1,Szymi771
https://www.filmweb.pl/user/Grochu_filmweb/friends?page=1,siewca04
https://www.filmweb.pl/user/Grochu_filmweb/friends?page=1,Werkonn
https://www.filmweb.pl/user/Grochu_filmweb/friends?page=1,filipas1999
https://www.filmweb.pl/user/Grochu_filmweb/friends?page=1,xRequer
https://www.filmweb.pl/user/szatanzeskarzyska/friends?page=1,lotrnikczemnik
https://www.filmweb.pl/user/thewojtek099/friends?page=1,krystynakaftanska
https://www.filmweb.pl/user/thewojtek099/friends?page=1,ola_selera
https://www.filmweb.pl/user/thewojtek099/friends?page=1,baz9999
https://www.filmweb.pl/user/thewojtek099/friends?page=1,wybranowska
https://www.filmweb.pl/user/Franco72/friends?page=1,kvnxc
https://www.filmweb.pl/user/MonikaThe100/friends?page=1,i_skrzypek
https://www.filmweb.pl/user/MonikaThe100/friends?page=1,tyml981
https://www.filmweb.pl/user/MonikaThe100/friends?page=1,blowb
https://www.filmweb.pl/user/MonikaThe100/friends?page=1,Trebron_99
https://www.filmweb.pl/user/zuziaonikki/friends?page=1,zaben
https://www.filmweb.pl/user/zuziaonikki/friends?page=1,michalhusta
https://www.filmweb.pl/user/zuziaonikki/friends?page=1,bedzyo
https://www.filmweb.pl/user/zuziaonikki/friends?page=1,JohnBeton
https://www.filmweb.pl/user/zuziaonikki/friends?page=1,szczsz123
https://www.filmweb.pl/user/krzysztof721/friends?page=1,JohnBeton
https://www.filmweb.pl/user/Franco72/friends?page=1,JohnBeton
https://www.filmweb.pl/user/Franco72/friends?page=1,Gabriela_Trzcialkowska
https://www.filmweb.pl/user/Franco72/friends?page=1,Pvulxxy
https://www.filmweb.pl/user/Franco72/friends?page=1,Chemiczna
https://www.filmweb.pl/user/Franco72/friends?page=1,lukaszsolak0
https://www.filmweb.pl/user/zukero18/friends?page=1,marcio15
https://www.filmweb.pl/user/zuziaonikki/friends?page=1,ZosiaNiewczas
https://www.filmweb.pl/user/zuziaonikki/friends?page=1,hnxxx
https://www.filmweb.pl/user/zuziaonikki/friends?page=1,Rys_Niewczas
https://www.filmweb.pl/user/zuziaonikki/friends?page=1,gorillazandothers
https://www.filmweb.pl/user/zuziaonikki/friends?page=1,Madzik133
https://www.filmweb.pl/user/zuziaonikki/friends?page=1,1MAGDA
https://www.filmweb.pl/user/krzysztof721/friends?page=1,Migmigan
https://www.filmweb.pl/user/krzysztof721/friends?page=1,axdite
https://www.filmweb.pl/user/krzysztof721/friends?page=1,Skud
https://www.filmweb.pl/user/krzysztof721/friends?page=1,tmsgbl
https://www.filmweb.pl/user/krzysztof721/friends?page=1,olga_wasynczuk
https://www.filmweb.pl/user/krzysztof721/friends?page=1,Princ3
https://www.filmweb.pl/user/sasienda/friends?page=1,Flinqa
https://www.filmweb.pl/user/Franco72/friends?page=1,xxsroczkaxx
https://www.filmweb.pl/user/Franco72/friends?page=1,CiAcHuRaChU
https://www.filmweb.pl/user/Franco72/friends?page=1,lesniakrafael
https://www.filmweb.pl/user/Franco72/friends?page=1,s_gosia_op
https://www.filmweb.pl/user/Franco72/friends?page=1,okonis
https://www.filmweb.pl/user/Franco72/friends?page=1,Heheonil
https://www.filmweb.pl/user/Suweren1/friends?page=1,michal347
https://www.filmweb.pl/user/zukero18/friends?page=1,karolina_ocicka
https://www.filmweb.pl/user/zukero18/friends?page=1,mrKL
https://www.filmweb.pl/user/zukero18/friends?page=1,Reassor
https://www.filmweb.pl/user/zukero18/friends?page=1,mihwoj5
https://www.filmweb.pl/user/zukero18/friends?page=1,kamilad4
https://www.filmweb.pl/user/zukero18/friends?page=1,lukiss77
https://www.filmweb.pl/user/kartofel_cebula/friends?page=1,Shermankrokodyl
https://www.filmweb.pl/user/krzysztof721/friends?page=1,mich_ch_1999
https://www.filmweb.pl/user/krzysztof721/friends?page=1,JOchnio
https://www.filmweb.pl/user/krzysztof721/friends?page=1,nesTj
https://www.filmweb.pl/user/krzysztof721/friends?page=1,Kuubsooon
https://www.filmweb.pl/user/krzysztof721/friends?page=1,inginio
https://www.filmweb.pl/user/sasienda/friends?page=1,magda129091
https://www.filmweb.pl/user/sasienda/friends?page=1,mikolajczykacper
https://www.filmweb.pl/user/sasienda/friends?page=1,lectis
https://www.filmweb.pl/user/sasienda/friends?page=1,Anita999
https://www.filmweb.pl/user/sasienda/friends?page=1,ashbellrini
https://www.filmweb.pl/user/sasienda/friends?page=1,Dante_Da
https://www.filmweb.pl/user/kapitanodupas/friends?page=1,MisterBrunet
https://www.filmweb.pl/user/Suweren1/friends?page=1,dot55
https://www.filmweb.pl/user/Suweren1/friends?page=1,MGpeaceyo
https://www.filmweb.pl/user/Suweren1/friends?page=1,Katherine_mufc
https://www.filmweb.pl/user/Suweren1/friends?page=1,Shiftman
https://www.filmweb.pl/user/Suweren1/friends?page=1,Kocimientka
https://www.filmweb.pl/user/Suweren1/friends?page=1,antosz12
https://www.filmweb.pl/user/zukero18/friends?page=1,nick333_fw
https://www.filmweb.pl/user/zukero18/friends?page=1,agunia8989
https://www.filmweb.pl/user/zukero18/friends?page=1,konrad_gadomski
https://www.filmweb.pl/user/zukero18/friends?page=1,bartek112
https://www.filmweb.pl/user/zukero18/friends?page=1,gonczaro
https://www.filmweb.pl/user/karzaj25/friends?page=1,lukaszp1265
https://www.filmweb.pl/user/karzaj25/friends?page=1,konradszyl
https://www.filmweb.pl/user/kartofel_cebula/friends?page=1,xDrKrychaS
https://www.filmweb.pl/user/kartofel_cebula/friends?page=1,weronika69b
https://www.filmweb.pl/user/kartofel_cebula/friends?page=1,karolcava
https://www.filmweb.pl/user/kartofel_cebula/friends?page=1,w0lley
https://www.filmweb.pl/user/kartofel_cebula/friends?page=1,marek_felskowski
https://www.filmweb.pl/user/kartofel_cebula/friends?page=1,erykidago
https://www.filmweb.pl/user/sasienda/friends?page=1,evelyn15
https://www.filmweb.pl/user/sasienda/friends?page=1,kwiateeu
https://www.filmweb.pl/user/sasienda/friends?page=1,wordwoldemord
https://www.filmweb.pl/user/sasienda/friends?page=1,ms_teamdays
https://www.filmweb.pl/user/sasienda/friends?page=1,izka5463
https://www.filmweb.pl/user/kapitanodupas/friends?page=1,Malgorzata_Skaryszewska
https://www.filmweb.pl/user/kapitanodupas/friends?page=1,Malgosia13_fw
https://www.filmweb.pl/user/kapitanodupas/friends?page=1,BibiGoNZzO
https://www.filmweb.pl/user/kapitanodupas/friends?page=1,dzordan45
https://www.filmweb.pl/user/kapitanodupas/friends?page=1,justyna_kielczykowska
https://www.filmweb.pl/user/kapitanodupas/friends?page=1,domagala_sebastian
https://www.filmweb.pl/user/Suweren1/friends?page=1,taraszka96
https://www.filmweb.pl/user/Suweren1/friends?page=1,Zebroch
https://www.filmweb.pl/user/Suweren1/friends?page=1,nevthirth16
https://www.filmweb.pl/user/Suweren1/friends?page=1,wifi_wifi
https://www.filmweb.pl/user/karzaj25/friends?page=1,nadrowski_pawel
https://www.filmweb.pl/user/karzaj25/friends?page=1,dcieplinski34
https://www.filmweb.pl/user/karzaj25/friends?page=1,danstef89
https://www.filmweb.pl/user/karzaj25/friends?page=1,kill_brothers
https://www.filmweb.pl/user/karzaj25/friends?page=1,kornelix_filmweb
https://www.filmweb.pl/user/karzaj25/friends?page=1,ARGO1978_filmweb
https://www.filmweb.pl/user/anusia_102/friends?page=1,claudia_derkovska
https://www.filmweb.pl/user/kartofel_cebula/friends?page=1,wojciech_karczmarz96
https://www.filmweb.pl/user/kartofel_cebula/friends?page=1,hubi16
https://www.filmweb.pl/user/kartofel_cebula/friends?page=1,kwiateeu
https://www.filmweb.pl/user/kartofel_cebula/friends?page=1,Ciriyenna
https://www.filmweb.pl/user/kartofel_cebula/friends?page=1,bartolllo12
https://www.filmweb.pl/user/kapitanodupas/friends?page=1,aleksander_123
https://www.filmweb.pl/user/kapitanodupas/friends?page=1,Artix75
https://www.filmweb.pl/user/kapitanodupas/friends?page=1,Milly_Lojek
https://www.filmweb.pl/user/kapitanodupas/friends?page=1,paaaulis06
https://www.filmweb.pl/user/kapitanodupas/friends?page=1,agatacoco
https://www.filmweb.pl/user/Suweren1/friends?page=1,janusz_web
https://www.filmweb.pl/user/cigarette_smoke/friends?page=1,julek_15
https://www.filmweb.pl/user/karzaj25/friends?page=1,dodatkowemagdased
https://www.filmweb.pl/user/karzaj25/friends?page=1,Alex1999
https://www.filmweb.pl/user/karzaj25/friends?page=1,Oreg
https://www.filmweb.pl/user/karzaj25/friends?page=1,mariuszpawlak830825
https://www.filmweb.pl/user/anusia_102/friends?page=1,kamil_fratczakmusic
https://www.filmweb.pl/user/anusia_102/friends?page=1,Maciek29
https://www.filmweb.pl/user/anusia_102/friends?page=1,martii9
https://www.filmweb.pl/user/anusia_102/friends?page=1,Kajunekpp2
https://www.filmweb.pl/user/anusia_102/friends?page=1,operetka
https://www.filmweb.pl/user/bystra75/friends?page=1,szajba_8
https://www.filmweb.pl/user/cigarette_smoke/friends?page=1,SanKam
https://www.filmweb.pl/user/cigarette_smoke/friends?page=1,aleksandra_pawlak45
https://www.filmweb.pl/user/cigarette_smoke/friends?page=1,czarna88882
https://www.filmweb.pl/user/cigarette_smoke/friends?page=1,kalinos93
https://www.filmweb.pl/user/cigarette_smoke/friends?page=1,das_adi
https://www.filmweb.pl/user/cigarette_smoke/friends?page=1,bladakura
https://www.filmweb.pl/user/cigarette_smoke/friends?page=1,Klebsky
https://www.filmweb.pl/user/anya_kowzan/friends?page=2,damiano12
https://www.filmweb.pl/user/osienka19/friends?page=1,OpowiemCiBajke
https://www.filmweb.pl/user/anusia_102/friends?page=1,MrMcFly
https://www.filmweb.pl/user/anusia_102/friends?page=1,weronikawisniewska
https://www.filmweb.pl/user/anusia_102/friends?page=1,sylwiawilk21
https://www.filmweb.pl/user/anusia_102/friends?page=1,Ajser
https://www.filmweb.pl/user/RozmowyNoca/friends?page=1,kalinos93
https://www.filmweb.pl/user/bystra75/friends?page=1,p_czuba_1980
https://www.filmweb.pl/user/bystra75/friends?page=1,kubbek1994
https://www.filmweb.pl/user/bystra75/friends?page=1,marl0n
https://www.filmweb.pl/user/bystra75/friends?page=1,dawid_czapla
https://www.filmweb.pl/user/bystra75/friends?page=1,jaco1312
https://www.filmweb.pl/user/bystra75/friends?page=1,kalinos93
https://www.filmweb.pl/user/misia199712/friends?page=1,adabriel
https://www.filmweb.pl/user/cigarette_smoke/friends?page=1,iwonaszymeczko
https://www.filmweb.pl/user/cigarette_smoke/friends?page=1,flightlessb
https://www.filmweb.pl/user/cigarette_smoke/friends?page=1,piaszczykjakub
https://www.filmweb.pl/user/cigarette_smoke/friends?page=1,asia12594
https://www.filmweb.pl/user/anya_kowzan/friends?page=2,Matiakus
https://www.filmweb.pl/user/anya_kowzan/friends?page=2,dgryszczuk
https://www.filmweb.pl/user/anya_kowzan/friends?page=2,Plyskawa6
https://www.filmweb.pl/user/anya_kowzan/friends?page=2,viola_ceglarek
https://www.filmweb.pl/user/anya_kowzan/friends?page=2,katimari777
https://www.filmweb.pl/user/osienka19/friends?page=1,anna_szpunar_n
https://www.filmweb.pl/user/osienka19/friends?page=1,Apaszkowska_fw
https://www.filmweb.pl/user/osienka19/friends?page=1,natalinka__
https://www.filmweb.pl/user/osienka19/friends?page=1,sebastian_florkowski
https://www.filmweb.pl/user/osienka19/friends?page=1,www_dawidkalinowski12345
https://www.filmweb.pl/user/anusia_102/friends?page=1,damek100
https://www.filmweb.pl/user/anusia_102/friends?page=1,ssara_1993
https://www.filmweb.pl/user/monikaolszewska3344/friends?page=1,madziacielicka
https://www.filmweb.pl/user/RozmowyNoca/friends?page=1,lifcior_2
https://www.filmweb.pl/user/RozmowyNoca/friends?page=1,raptowny193
https://www.filmweb.pl/user/RozmowyNoca/friends?page=1,gs91
https://www.filmweb.pl/user/RozmowyNoca/friends?page=1,tomekspielberg
https://www.filmweb.pl/user/RozmowyNoca/friends?page=1,rin3i
https://www.filmweb.pl/user/bystra75/friends?page=1,artua_filmweb
https://www.filmweb.pl/user/bystra75/friends?page=1,mariuszek_sokolowski
https://www.filmweb.pl/user/bystra75/friends?page=1,p_cieslak15
https://www.filmweb.pl/user/bystra75/friends?page=1,m_niedzwiedzpl
https://www.filmweb.pl/user/bystra75/friends?page=1,pa101478
https://www.filmweb.pl/user/misia199712/friends?page=1,msobiecki
https://www.filmweb.pl/user/misia199712/friends?page=1,danielklos5
https://www.filmweb.pl/user/misia199712/friends?page=1,piotrek_ignatowski
https://www.filmweb.pl/user/misia199712/friends?page=1,niemi92
https://www.filmweb.pl/user/misia199712/friends?page=1,rybex77
https://www.filmweb.pl/user/misia199712/friends?page=1,Kosso
https://www.filmweb.pl/user/anya_kowzan/friends?page=2,oksanakucewycz
https://www.filmweb.pl/user/anya_kowzan/friends?page=2,elizaveta_basova_2013
https://www.filmweb.pl/user/anya_kowzan/friends?page=2,viktorianagor
https://www.filmweb.pl/user/anya_kowzan/friends?page=2,emilia__9
https://www.filmweb.pl/user/anya_kowzan/friends?page=2,Pancio97
https://www.filmweb.pl/user/anya_kowzan/friends?page=2,MagdaK1997
https://www.filmweb.pl/user/osienka19/friends?page=1,kasia_zet
https://www.filmweb.pl/user/osienka19/friends?page=1,mrn89
https://www.filmweb.pl/user/osienka19/friends?page=1,krecik6667
https://www.filmweb.pl/user/osienka19/friends?page=1,kassstawi
https://www.filmweb.pl/user/osienka19/friends?page=1,bozenak66
https://www.filmweb.pl/user/monikaolszewska3344/friends?page=1,kalinos93
https://www.filmweb.pl/user/monikaolszewska3344/friends?page=1,kchojnacka18
https://www.filmweb.pl/user/monikaolszewska3344/friends?page=1,kazio25_1992
https://www.filmweb.pl/user/monikaolszewska3344/friends?page=1,nofy20
https://www.filmweb.pl/user/monikaolszewska3344/friends?page=1,wiki5152
https://www.filmweb.pl/user/monikaolszewska3344/friends?page=1,musol909
https://www.filmweb.pl/user/RozmowyNoca/friends?page=1,deedik
https://www.filmweb.pl/user/RozmowyNoca/friends?page=1,maniekmaniek_filmweb
https://www.filmweb.pl/user/RozmowyNoca/friends?page=1,zelka1990
https://www.filmweb.pl/user/RozmowyNoca/friends?page=1,WEra15___
https://www.filmweb.pl/user/RozmowyNoca/friends?page=1,Almarcino
https://www.filmweb.pl/user/misia199712/friends?page=1,asiek_jago
https://www.filmweb.pl/user/misia199712/friends?page=1,Boouha
https://www.filmweb.pl/user/misia199712/friends?page=1,zosia22_fw
https://www.filmweb.pl/user/misia199712/friends?page=1,venom94
https://www.filmweb.pl/user/misia199712/friends?page=1,kalinos93
https://www.filmweb.pl/user/osienka19/friends?page=1,annaszczepanska
https://www.filmweb.pl/user/monikaolszewska3344/friends?page=1,magdasiwk54
https://www.filmweb.pl/user/monikaolszewska3344/friends?page=1,marcinkowski1997
https://www.filmweb.pl/user/monikaolszewska3344/friends?page=1,magdzialena1318
https://www.filmweb.pl/user/monikaolszewska3344/friends?page=1,patrycja_olejarczyk
https://www.filmweb.pl/user/monikaolszewska3344/friends?page=1,kalusia17890
https://www.filmweb.pl/user/RozmowyNoca/friends?page=1,truskafkee
https://www.filmweb.pl/user/Drq_/friends?page=1,mich_klimowski
https://www.filmweb.pl/user/Drq_/friends?page=1,nieglut
https://www.filmweb.pl/user/ilonaolszewska1515/friends?page=1,tojaoskar
https://www.filmweb.pl/user/sa6a_97/friends?page=1,ewus_7
https://www.filmweb.pl/user/sa6a_97/friends?page=1,dominika_gabrus
https://www.filmweb.pl/user/Drq_/friends?page=1,przemul123
https://www.filmweb.pl/user/Drq_/friends?page=1,LuZdro
https://www.filmweb.pl/user/Drq_/friends?page=1,Burak97
https://www.filmweb.pl/user/Drq_/friends?page=1,zosienia
https://www.filmweb.pl/user/Drq_/friends?page=1,acmilan33
https://www.filmweb.pl/user/ilonaolszewska1515/friends?page=1,darekwvl
https://www.filmweb.pl/user/ilonaolszewska1515/friends?page=1,karolinag25
https://www.filmweb.pl/user/ilonaolszewska1515/friends?page=1,kbudrewicz
https://www.filmweb.pl/user/ilonaolszewska1515/friends?page=1,jtanska1
https://www.filmweb.pl/user/ilonaolszewska1515/friends?page=1,magda123668
https://www.filmweb.pl/user/sa6a_97/friends?page=1,gixxer_filmaniak
https://www.filmweb.pl/user/sa6a_97/friends?page=1,bartekk96
https://www.filmweb.pl/user/sa6a_97/friends?page=1,aneeetkaaa11
https://www.filmweb.pl/user/sa6a_97/friends?page=1,anya_kowzan
https://www.filmweb.pl/user/Drq_/friends?page=1,dobryGrzehh
https://www.filmweb.pl/user/Drq_/friends?page=1,Bura_filmweb
https://www.filmweb.pl/user/Drq_/friends?page=1,kuna_arek
https://www.filmweb.pl/user/Drq_/friends?page=1,canter0109
https://www.filmweb.pl/user/Drq_/friends?page=1,chris_donndi
https://www.filmweb.pl/user/ilonaolszewska1515/friends?page=1,marcia10w
https://www.filmweb.pl/user/ilonaolszewska1515/friends?page=1,gabriel123580
https://www.filmweb.pl/user/ilonaolszewska1515/friends?page=1,kasza320
https://www.filmweb.pl/user/ilonaolszewska1515/friends?page=1,michalklimczak98
https://www.filmweb.pl/user/sa6a_97/friends?page=1,katimari777
https://www.filmweb.pl/user/sa6a_97/friends?page=1,viktorianagor
https://www.filmweb.pl/user/sa6a_97/friends?page=1,desperados12343
https://www.filmweb.pl/user/sa6a_97/friends?page=1,karolinakopko14
https://www.filmweb.pl/user/sa6a_97/friends?page=1,falkiewiczn
https://www.filmweb.pl/user/ilonaolszewska1515/friends?page=1,KrzysiekBeee
https://www.filmweb.pl/user/ilonaolszewska1515/friends?page=1,dyziobleach
https://www.filmweb.pl/user/sa6a_97/friends?page=1,klaudusia16766
